"X","id","rank","scientific_name","best_identity","superkingdom_name","kingdom_name","phylum_name","class_name","order_name","family_name","genus_name","species_name","best_match","species_list","taxid","D1.SW.BLANK","D1.TANKA.SPONGE.CREAM","D1.TANKA.SPONGE.PINK","D1.TANKA.WATER","D1.TANKB.SPONGE.CREAM","D1.TANKB.SPONGE.PINK","D1.TANKB.WATER","D1.TANKC.SPONGE.BLACK","D1.TANKC.SPONGE.CREAM","D1.TANKC.SPONGE.PINK","D1.TANKC.WATER","D2.FILT.BLANK","D2.SPONGE.CONTROL","D2.SW.BLANK","D2.TANKA.FISH.SPONGE.BLACK","D2.TANKA.FISH.SPONGE.CREAM","D2.TANKA.FISH.SPONGE.PINK","D2.TANKA.FISH.WATER","D2.TANKB.FISH.SPONGE.CREAM","D2.TANKB.FISH.SPONGE.PINK","D2.TANKB.FISH.WATER","D2.TANKC.FISH.SPONGE.CREAM","D2.TANKC.FISH.SPONGE.PINK","D2.TANKC.FISH.WATER","D3.SPONGE.CONTROL","D3.SW.BLANK","D3.TANKA.00H.SPONGE.CREAM","D3.TANKA.00H.SPONGE.PINK","D3.TANKA.00H.WATER","D3.TANKA.04H.SPONGE.CREAM","D3.TANKA.04H.SPONGE.PINK","D3.TANKA.04H.WATER","D3.TANKA.08H.SPONGE.CREAM","D3.TANKA.08H.SPONGE.PINK","D3.TANKA.08H.WATER","D3.TANKB.00H.SPONGE.BLACK","D3.TANKB.00H.SPONGE.CREAM","D3.TANKB.00H.SPONGE.PINK","D3.TANKB.00H.WATER","D3.TANKB.04H.SPONGE.CREAM","D3.TANKB.04H.SPONGE.PINK","D3.TANKB.04H.WATER","D3.TANKB.08H.SPONGE.CREAM","D3.TANKB.08H.SPONGE.PINK","D3.TANKB.08H.WATER","D3.TANKC.00H.SPONGE.CREAM","D3.TANKC.00H.SPONGE.PINK","D3.TANKC.00H.WATER","D3.TANKC.04H.SPONGE.CREAM","D3.TANKC.04H.WATER","D3.TANKC.08H.SPONGE.CREAM","D3.TANKC.08H.SPONGE.PINK","D4.FILT.BLANK","D4.SPONGE.CONTROL","D4.SW.BLANK","D4.TANKA.24H.SPONGE.CREAM","D4.TANKA.24H.SPONGE.PINK","D4.TANKA.24H.WATER","D4.TANKB.24H.SPONGE.CREAM","D4.TANKB.24H.SPONGE.PINK","D4.TANKB.24H.WATER","D4.TANKC.24H.SPONGE.CREAM","D4.TANKC.24H.SPONGE.PINK","D5.FILT.BLANK","D5.REEF.01.SPONGE","D5.REEF.01.WATER","D5.REEF.02.SPONGE","D5.REEF.02.WATER","D5.REEF.03.SPONGE","D5.REEF.03.WATER","D5.SW.BLANK","D5.TANKA.48H.SPONGE.CREAM","D5.TANKA.48H.SPONGE.PINK","D5.TANKA.48H.WATER","D5.TANKB.48H.SPONGE.CREAM","D5.TANKB.48H.SPONGE.PINK","D5.TANKB.48H.WATER","D5.TANKC.48H.SPONGE.CREAM","D5.TANKC.48H.SPONGE.PINK","D5.TANKC.48H.WATER","D6.SPONGE.CONTROL","D6.SW.BLANK","D6.TANKA.72H.SPONGE.CREAM","D6.TANKA.72H.SPONGE.PINK","D6.TANKA.72H.WATER","D6.TANKB.72H.SPONGE.CREAM","D6.TANKB.72H.SPONGE.PINK","D6.TANKB.72H.WATER","D6.TANKC.72H.SPONGE.CREAM","D6.TANKC.72H.SPONGE.PINK","D6.TANKC.72H.WATER","EXT.BLANK.20201105","EXT.BLANK.20201106","EXT.BLANK.20210607","EXT.BLANK.20210608","EXT.BLANK.20210609","LIB01.PCR.Neg.02","LIB01.PCR.Pos.02","LIB02.PCR.Pos.01","LIB02.PCR.Pos.02","LIB02.PCR.Pos.03","seq_length","subsequence","cluster_weight","total_reads","sequence"
211,"tank_000094788","clade","Eutheria",0.78238342,"","","","","","","","","JQ704054","[]",9347,0,0,0,0,0,0,0,0,0,0,0,0,0,0,0,0,0,0,0,0,0,0,0,0,0,0,0,0,0,0,0,0,0,0,0,0,0,0,0,0,0,0,0,0,0,0,0,0,0,0,0,0,0,0,0,0,0,0,0,0,0,0,0,0,2,0,0,0,0,0,0,0,0,0,0,0,0,0,0,0,0,0,0,0,0,0,0,0,0,0,0,0,0,0,0,0,0,0,0,0,0,187,"1..150",1,2,"ccgcaccggatcccaacccagcttgagactgttgtgcagatctccccagcgccactgccccagcagccagcccgtcaccccctccccaataaagctaaaactcacctgagttgtaaaaaactccagttgacacaaaatagactacgaaagtggctttaacatatctgaacacacaatagctaagacc"
4,"tank_000000009","family","Pomacanthidae",1,"Correct_manually","Correct_manually","Correct_manually","Correct_manually","Correct_manually","Pomacanthidae","","","KP018404","[]",30862,0,0,0,0,0,0,0,0,0,0,0,0,0,0,0,0,0,2,0,0,3,0,0,0,0,0,0,0,1,0,0,1,0,0,0,0,0,0,2,0,1,0,0,0,0,0,0,0,0,0,0,0,1,0,0,0,0,1,0,0,0,0,0,1,0,4275,0,9883,0,3049,0,0,0,0,0,0,0,0,0,0,0,0,0,0,2,0,0,0,0,0,0,0,0,0,0,2,0,0,0,0,0,166,"1..150",2649,17224,"gcggttatacgagaggcccaagttgttagacaccggcgtaaagcgtggttaagataacttttatactaaagccgaacgccttccctactgttatacgtttactgaaggtaggaagttcaatcacgaaagtagctttataatatctgaacccacgaaagctaggata"
14,"tank_000000029","species","Pomacanthus imperator",1,"Correct_manually","Correct_manually","Correct_manually","Correct_manually","Correct_manually","Pomacanthidae","Pomacanthus","Pomacanthus imperator","KP218259","[Pomacanthus imperator]",109711,0,0,0,0,0,0,0,0,0,0,0,0,0,0,0,0,0,0,0,0,1,0,0,0,0,0,0,0,2,0,0,0,0,0,0,0,0,0,0,0,0,0,0,0,0,0,0,0,0,0,0,0,0,0,0,0,0,0,0,0,0,0,0,0,0,816,0,3655,0,4098,0,0,0,0,0,0,0,0,0,1,0,0,0,0,0,0,0,0,0,0,0,0,0,0,0,0,0,0,0,0,0,168,"1..150",1492,8573,"gcggttatacgagtgagcccaagctgttagacaccggcgtaaagcgtggttaagatgatcccaatactaaagccgaacgccttctatactgttatacgttttccgaaggtaagaagcccgatcacgaaagtagctttaactatatctgaacccacgaaagctagggta"
12,"tank_000000025","genus","Siganus",1,"Correct_manually","Correct_manually","Correct_manually","Correct_manually","Correct_manually","Siganidae","Siganus","","AP006031","[]",75041,0,0,0,0,0,0,0,0,0,0,0,0,0,0,0,0,0,0,0,0,0,0,0,1,0,0,0,0,1,0,0,0,632,0,0,0,0,0,0,0,0,0,0,0,0,0,0,0,0,0,0,0,0,0,0,0,0,0,0,0,0,0,0,0,0,1476,0,1,0,549,0,0,0,0,0,0,0,0,0,0,0,0,0,0,0,0,0,0,0,0,1,0,0,0,0,3,0,0,0,0,0,166,"1..150",524,2664,"gcggttatacgagagacccaagttgatagacagcggcgtaaagcgtggttaagaacaaaacctaaactaaagccgaacactctcaaagctgttatacgcactcgagagtatgaagtccaatcacgaaagtggctttacttattctgaacccacgaaagctagggca"
7,"tank_000000017","species","Pomadasys kaakan",0.916167665,"Correct_manually","Correct_manually","Correct_manually","Correct_manually","Lutjaniformes","Haemulidae","Pomadasys","Pomadasys kaakan","MG748713","[Pomadasys kaakan]",721016,6,0,5971,0,0,0,0,0,0,1,0,0,0,0,0,0,0,0,0,1,0,13687,0,0,0,0,0,1,0,1,0,0,173,1,0,0,1,0,0,0,0,0,0,0,14,0,0,0,0,0,1,896,0,0,0,32,0,0,0,1,0,0,0,0,1,0,0,534,0,342,0,0,1,0,0,1,0,0,0,0,0,0,0,504,0,0,0,0,0,1,0,0,0,0,0,0,0,0,4,4,0,163,"1..150",2364,743195,"gcggttatatgagaggcccaagctgatagtcaccggcgtaaagagtggttaagattaaattgaatactaaagccgaaagccctcacagctgttatacgcactcgagggtaagaagcccaactacgaaagtggctttacatctgaacccatgaaagctagggca"
55,"tank_000006654","clade","Bilateria",0.553191489,"Opisthokonta","Metazoa","","","","","","","HM063549","[]",33213,0,0,0,0,0,0,0,0,0,0,0,0,0,0,0,0,0,0,0,0,0,0,0,0,0,0,0,0,0,0,0,0,0,0,0,0,0,0,0,0,0,0,0,0,0,0,0,0,0,0,0,0,0,0,0,0,0,0,0,0,0,0,0,0,0,0,0,0,0,0,0,0,0,0,0,0,0,0,0,0,0,0,0,0,0,0,0,0,0,0,2,0,0,0,0,0,0,0,0,0,0,216,"1..150",2,2,"cctgtgcaaacaggatgttgccgctgaactcattctcagtgcccgaacaatcgatgcaaacgaggccaaagacgcaggcttaatcacgcgcatcaccgaagattgccaagcggccgccctggaacttgcggaaacgattgcgcgcaaatcccccgaggccattcgcgcggcgaaaaccctgtaccaaagcgcgtggcaaaccgatcccagtcttct"
152,"tank_000046372","clade","Bilateria",0.554545455,"Opisthokonta","Metazoa","","","","","","","AY581624","[]",33213,0,0,0,0,0,0,0,0,0,0,0,0,0,0,0,0,0,0,0,0,0,0,0,0,0,0,0,0,0,2,0,0,0,0,0,0,0,0,0,0,0,0,0,0,0,0,0,0,0,0,0,0,0,0,0,0,0,0,0,0,0,0,0,0,0,0,0,0,0,0,0,0,0,0,0,0,0,0,0,0,0,0,0,0,0,0,0,0,0,0,0,0,0,0,0,0,0,0,0,0,0,200,"1..150",1,2,"ctccgaaaaatagcggaatgtcgcgcttttttgaacgaacgcggtgccgatctaccgattgaagtcgatggaaacgtgagttttgaaaatatccccaagatggtatccgcaggcgcggatatcttggtcggcggaaccagtagcgtttttcaaaaatcggggtcccggcttgagaacgttcagcgagcacaaaaggcaat"
159,"tank_000051392","clade","Bilateria",0.54787234,"Opisthokonta","Metazoa","","","","","","","KX838508","[]",33213,0,0,0,0,0,0,0,2,0,0,0,0,0,0,0,0,0,0,0,0,0,0,0,0,0,0,0,0,0,0,0,0,0,0,0,0,0,0,0,0,0,0,0,0,0,0,0,0,0,0,0,0,0,0,0,0,0,0,0,0,0,0,0,0,0,0,0,0,0,0,0,0,0,0,0,0,0,0,0,0,0,0,0,0,0,0,0,0,0,0,0,0,0,0,0,0,0,0,0,0,0,155,"1..150",1,2,"cgtgcggctgccgcctccctcgtgcaatactccactcctctcaccgttatcatcccacccttgatcgtatcggccgcccgcgtcctgcctgccccgcttagttgtcgaccgtacccgtcacagacctatgcggtaatagtcccatctctcgggat"
167,"tank_000054437","clade","Bilateria",0.548387097,"Opisthokonta","Metazoa","","","","","","","KU159666","[]",33213,0,0,0,0,0,0,0,0,0,0,0,0,0,0,0,0,0,0,0,0,0,0,0,0,0,0,0,0,0,0,0,0,0,0,0,0,0,0,0,0,0,0,0,0,0,0,0,0,0,0,0,0,0,0,0,0,0,0,0,0,0,2,0,0,0,0,0,0,0,0,0,0,0,0,0,0,0,0,0,0,0,0,0,0,0,0,0,0,0,0,0,0,0,0,0,0,0,0,0,0,0,148,"1..150",2,2,"aataaatttcggttggttctttcctactaatgtatggcatagaatgcctgcttgtggcagaatagaactgggcttacctccctacagtgggagtagatgaatccctccacgtcaacactgacagcactggtgcactcgtccagaatgg"
174,"tank_000059691","clade","Bilateria",0.596153846,"Opisthokonta","Metazoa","","","","","","","KJ028083","[]",33213,0,0,0,0,2,0,0,0,0,0,0,0,0,0,0,0,0,0,0,0,0,0,0,0,0,0,0,0,0,0,0,0,0,0,0,0,0,0,0,0,0,0,0,0,0,0,0,0,0,0,0,0,0,0,0,0,0,0,0,0,0,0,0,0,0,0,0,0,0,0,0,0,0,0,0,0,0,0,0,0,0,0,0,0,0,0,0,0,0,0,0,0,0,0,0,0,0,0,0,0,0,193,"1..150",1,2,"gcggtaatacgaagggtgcaagcgttaatcggaattactgggagaggtcaaggggtactacctcgcttgaggacggtagaggaaagcggaattcccggtgtagcggtgaaatgcgtagatatcgggaggaacaccagtggcgaaggcggctttctgggccgtgcctgacgctgaggcgcgagaacgtggggag"
176,"tank_000060918","clade","Bilateria",0.556561086,"Opisthokonta","Metazoa","","","","","","","JF912039","[]",33213,0,0,0,0,0,0,0,0,0,0,0,0,0,0,0,0,0,0,0,0,0,0,0,0,0,0,0,0,0,0,0,0,0,0,0,0,0,0,0,0,0,0,0,0,0,0,0,0,0,0,0,0,0,0,0,0,0,0,0,0,0,0,0,0,0,0,0,0,0,0,0,0,0,0,0,2,0,0,0,0,0,0,0,0,0,0,0,0,0,0,0,0,0,0,0,0,0,0,0,0,0,201,"1..150",1,2,"ataatcgtcaagtttcatcgccggacttgatcctgcgatccacgtgtcaaccctcagagaattttgcgtgagcagcaggcaatagaccattcttacctgccaactgcacccctcagcgagcgtcgactacctccatcgacgactgtctgcaatcttcagatgcagacagccggccatttcctcgataggctgccaatagcc"
182,"tank_000066864","clade","Bilateria",0.566137566,"Opisthokonta","Metazoa","","","","","","","DQ674587","[]",33213,0,0,0,0,2,0,0,0,0,0,0,0,0,0,0,0,0,0,0,0,0,0,0,0,0,0,0,0,0,0,0,0,0,0,0,0,0,0,0,0,0,0,0,0,0,0,0,0,0,0,0,0,0,0,0,0,0,0,0,0,0,0,0,0,0,0,0,0,0,0,0,0,0,0,0,0,0,0,0,0,0,0,0,0,0,0,0,0,0,0,0,0,0,0,0,0,0,0,0,0,0,148,"1..150",1,2,"tgctgagcttcttcagcagacttgccttcagaccaagcttgccacacccacatcgacccctggtgaccccccagctggcccgcatcacccaactccacgggatcctcacacccaactctccactccagtacgtgaatcgtccggagcc"
191,"tank_000071623","clade","Bilateria",0.595854922,"Opisthokonta","Metazoa","","","","","","","AP014587","[]",33213,0,0,0,0,2,0,0,0,0,0,0,0,0,0,0,0,0,0,0,0,0,0,0,0,0,0,0,0,0,0,0,0,0,0,0,0,0,0,0,0,0,0,0,0,0,0,0,0,0,0,0,0,0,0,0,0,0,0,0,0,0,0,0,0,0,0,0,0,0,0,0,0,0,0,0,0,0,0,0,0,0,0,0,0,0,0,0,0,0,0,0,0,0,0,0,0,0,0,0,0,0,173,"1..150",1,2,"gcggtaatacggagggggctagcgttgttcggaattactggatcgctagaatccgagagagggtagtggaattcccagtgtagaggtgaaattcgtagatattgggaagaacaccagtggcgaaggcggctacctggctcggtattgacgctgaggtgcgaaagcgtggggag"
195,"tank_000078337","clade","Bilateria",0.553191489,"Opisthokonta","Metazoa","","","","","","","AP004197","[]",33213,0,0,0,0,0,0,0,0,0,0,0,0,0,0,0,0,0,0,0,0,0,0,0,0,0,0,0,0,0,0,0,0,0,0,0,0,0,0,0,0,0,0,0,0,0,0,0,0,2,0,0,0,0,0,0,0,0,0,0,0,0,0,0,0,0,0,0,0,0,0,0,0,0,0,0,0,0,0,0,0,0,0,0,0,0,0,0,0,0,0,0,0,0,0,0,0,0,0,0,0,0,148,"1..150",2,2,"ccgccatcacggtcatgtcggccaatactcccgtaggcgtcgcccgcgccccgatccccgcatatcgcaatgtcgccatgtccgatctccccggttgcgatcccgccgctctcttccccccggcgtgctcgctcccgaacggcgtgac"
196,"tank_000078440","clade","Bilateria",0.55026455,"Opisthokonta","Metazoa","","","","","","","EU167067","[]",33213,0,0,0,0,0,0,0,0,0,0,0,0,0,0,0,0,0,0,0,0,0,0,0,0,0,0,0,0,0,0,0,0,0,0,0,0,0,0,0,0,0,0,0,0,0,0,0,0,2,0,0,0,0,0,0,0,0,0,0,0,0,0,0,0,0,0,0,0,0,0,0,0,0,0,0,0,0,0,0,0,0,0,0,0,0,0,0,0,0,0,0,0,0,0,0,0,0,0,0,0,0,140,"1..150",2,2,"cgccgtacccagccagtcggccggtgcccacagcgccgcgaacactgccgaccaccccaccagcgtggcggtctcgactatcaccgaggccccggcggccgcccggttcacgcccagcggagcagccaccccggcgtgac"
197,"tank_000079120","clade","Bilateria",0.556701031,"Opisthokonta","Metazoa","","","","","","","MG909663","[]",33213,0,0,0,0,0,0,0,0,0,0,0,0,0,0,0,0,0,0,0,0,0,0,0,0,0,0,0,0,0,0,0,0,0,0,0,0,0,0,0,0,0,0,0,0,0,0,0,0,0,0,2,0,0,0,0,0,0,0,0,0,0,0,0,0,0,0,0,0,0,0,0,0,0,0,0,0,0,0,0,0,0,0,0,0,0,0,0,0,0,0,0,0,0,0,0,0,0,0,0,0,0,159,"1..150",2,2,"ctatcttgaaacatcttcctacgccactgagagatattaagttgccccacgatcggaattgaattgcccccagtgaaccaacaggaaataggcgtgtgtcgcgtcgttaaaggtagtttgcggctgatttcatgttctagtactgcaagcgattgggtg"
200,"tank_000082116","clade","Bilateria",0.574162679,"Opisthokonta","Metazoa","","","","","","","KY688216","[]",33213,0,0,0,0,0,0,0,0,0,0,0,0,0,0,0,0,0,0,0,0,0,0,0,0,0,0,0,0,0,0,0,0,0,0,0,0,0,0,0,0,0,0,0,0,0,0,0,0,2,0,0,0,0,0,0,0,0,0,0,0,0,0,0,0,0,0,0,0,0,0,0,0,0,0,0,0,0,0,0,0,0,0,0,0,0,0,0,0,0,0,0,0,0,0,0,0,0,0,0,0,0,186,"1..150",1,2,"gcgccactacgacttccccggactgcgcaagacgccgcagcagttgcggcgacgtttcgcacaactcggatggaagacggcgatcgccttccagacccgcaacccgatgcaccgggcccacttcgagctgaccctgcgggcggcccgggaactggaggcgaacctgctgatccaccccggcgtgac"
204,"tank_000087202","clade","Bilateria",0.545945946,"Opisthokonta","Metazoa","","","","","","","AF417346","[]",33213,0,2,0,0,0,0,0,0,0,0,0,0,0,0,0,0,0,0,0,0,0,0,0,0,0,0,0,0,0,0,0,0,0,0,0,0,0,0,0,0,0,0,0,0,0,0,0,0,0,0,0,0,0,0,0,0,0,0,0,0,0,0,0,0,0,0,0,0,0,0,0,0,0,0,0,0,0,0,0,0,0,0,0,0,0,0,0,0,0,0,0,0,0,0,0,0,0,0,0,0,0,145,"1..150",1,2,"tgaccagagccgcgttgacctcacgcggcttctcctgggccatccagtgcccggtccgcagcgccacctcggtcagattccgacagtagtgacgcacgggttcggccagccgggagtgggtgcactcacactaccagcagagact"
212,"tank_000095479","clade","Bilateria",0.563535912,"Opisthokonta","Metazoa","","","","","","","LC519367","[]",33213,0,0,0,0,2,0,0,0,0,0,0,0,0,0,0,0,0,0,0,0,0,0,0,0,0,0,0,0,0,0,0,0,0,0,0,0,0,0,0,0,0,0,0,0,0,0,0,0,0,0,0,0,0,0,0,0,0,0,0,0,0,0,0,0,0,0,0,0,0,0,0,0,0,0,0,0,0,0,0,0,0,0,0,0,0,0,0,0,0,0,0,0,0,0,0,0,0,0,0,0,0,146,"1..150",1,2,"ttggaactgggggaggagcacttcagagtgttgcagttgggcactgtatgagagtaagggcacgtgacactggagagggaagaacaccggtggcgaaggcggctggctgggccgtgtctgacactcatccgcgaaagcgtggggag"
62,"tank_000009079","clade","Bilateria",0.555555556,"Opisthokonta","Metazoa","","","","","","","KC747657","[]",33213,0,0,0,0,0,0,0,0,0,0,0,0,0,0,0,0,0,0,0,0,0,0,0,0,0,0,0,0,0,0,0,3,0,0,0,0,0,0,0,0,0,0,0,0,0,0,0,0,0,0,0,0,0,0,0,0,0,0,0,0,0,0,0,0,0,0,0,0,0,0,0,0,0,0,0,0,0,0,0,0,0,0,0,0,0,0,0,0,0,0,0,0,0,0,0,0,0,0,0,0,0,147,"1..150",1,3,"agtcaccgtccagaggatgaaacccagaacaccgacatgcagcaccgcgaagtagatctcatccaacgcatgaaccggcgcggttgcaatgaaacccaggttcatgaccgcaacgacagcgctggcccatctgaccattttgtctgg"
81,"tank_000021746","clade","Bilateria",0.558252427,"Opisthokonta","Metazoa","","","","","","","DQ679235","[]",33213,0,0,0,0,0,0,0,0,0,0,0,0,0,0,0,0,0,0,0,0,0,0,0,1,0,0,0,0,0,0,0,0,0,0,0,0,0,0,0,0,0,0,0,0,2,0,0,0,0,0,0,0,0,0,0,0,0,0,0,0,0,0,0,0,0,0,0,0,0,0,0,0,0,0,0,0,0,0,0,0,0,0,0,0,0,0,0,0,0,0,0,0,0,0,0,0,0,0,0,0,0,181,"1..150",2,3,"gaagatagattcacaatgctgccgccgccggttttcttcatactgccaacaccgtatttactgcccaaaaatacactggtcatattgacactcatttgccggtcgtattcggccatcgtcatatcgtgcacggttcttaaaacggcgatgccggcgttgtttaccagcacatttaaacggc"
139,"tank_000044116","clade","Bilateria",0.540983607,"Opisthokonta","Metazoa","","","","","","","KT443920","[]",33213,0,0,0,0,3,0,0,0,0,0,0,0,0,0,0,0,0,0,0,0,0,0,0,0,0,0,0,0,0,0,0,0,0,0,0,0,0,0,0,0,0,0,0,0,0,0,0,0,0,0,0,0,0,0,0,0,0,0,0,0,0,0,0,0,0,0,0,0,0,0,0,0,0,0,0,0,0,0,0,0,0,0,0,0,0,0,0,0,0,0,0,0,0,0,0,0,0,0,0,0,0,142,"1..150",3,3,"cctcgcagggtctcctctcacccctccccctccactcccaccaagccctcccgcacactagcctccccttgcactgtcgcctcctcccaccctccccccctcactccgaccatccacaccagtacgtgaatcgtccggagcc"
142,"tank_000044998","clade","Bilateria",0.56372549,"Opisthokonta","Metazoa","","","","","","","KF010315","[]",33213,0,3,0,0,0,0,0,0,0,0,0,0,0,0,0,0,0,0,0,0,0,0,0,0,0,0,0,0,0,0,0,0,0,0,0,0,0,0,0,0,0,0,0,0,0,0,0,0,0,0,0,0,0,0,0,0,0,0,0,0,0,0,0,0,0,0,0,0,0,0,0,0,0,0,0,0,0,0,0,0,0,0,0,0,0,0,0,0,0,0,0,0,0,0,0,0,0,0,0,0,0,169,"1..150",1,3,"accccgaccgctgccacgcggtggcaaatctgtgcgtgccctactacacgctcgaacggggcctggaccacaccctgagcctggccgaccgccagctggcccgcatcacccaactccacgggatcctcacacccaactctccgctccagtacgtgaatcgtccggagcc"
164,"tank_000053835","clade","Bilateria",0.559322034,"Opisthokonta","Metazoa","","","","","","","AP012521","[]",33213,0,0,0,0,0,0,0,0,0,0,0,0,0,0,0,0,0,0,0,0,0,0,0,0,0,0,0,0,0,0,0,0,0,0,0,0,0,0,0,0,0,0,0,0,0,0,0,0,3,0,0,0,0,0,0,0,0,0,0,0,0,0,0,0,0,0,0,0,0,0,0,0,0,0,0,0,0,0,0,0,0,0,0,0,0,0,0,0,0,0,0,0,0,0,0,0,0,0,0,0,0,143,"1..150",2,3,"ccgccatcacggtcatgtcggccaatactcccgtaggcgtcgcccgcgcccgccgaagatgtcaccgaatacctcgtcgaatatgtcgcgaaatccggcgccgcccgagaaccctccaccgctcgcatccaccccggcgtgac"
165,"tank_000054037","clade","Bilateria",0.564102564,"Opisthokonta","Metazoa","","","","","","","MK405666","[]",33213,0,0,0,0,0,0,0,0,0,0,0,0,0,0,0,0,0,0,0,0,0,0,0,0,0,0,1,0,0,0,0,0,0,0,0,0,0,0,0,0,0,0,0,0,0,0,0,0,0,0,2,0,0,0,0,0,0,0,0,0,0,0,0,0,0,0,0,0,0,0,0,0,0,0,0,0,0,0,0,0,0,0,0,0,0,0,0,0,0,0,0,0,0,0,0,0,0,0,0,0,0,153,"1..150",1,3,"tatctaaatatattgcaggtatgaacctaccacaagcacatcctgtgaaaaattccaccaccggctggctgggaaaggagaaacagctcacaagcctcaaaagaagagttttgatagatgatgcataaatgcaggacgaatcgcaagctctct"
173,"tank_000058553","clade","Bilateria",0.554945055,"Opisthokonta","Metazoa","","","","","","","AB034825","[]",33213,0,0,0,0,0,0,0,0,0,0,0,0,0,0,0,0,0,0,0,0,0,0,0,0,0,0,3,0,0,0,0,0,0,0,0,0,0,0,0,0,0,0,0,0,0,0,0,0,0,0,0,0,0,0,0,0,0,0,0,0,0,0,0,0,0,0,0,0,0,0,0,0,0,0,0,0,0,0,0,0,0,0,0,0,0,0,0,0,0,0,0,0,0,0,0,0,0,0,0,0,0,144,"1..150",1,3,"acaaccacagcccctggatgaaaaccagccagctgcacctcctgacggtgaaagggtggctgaccccgccgcggcgattgccccgggcagcgagtccgctctgtacgagcgtggttccaccatcggccgctacctggtactggg"
177,"tank_000061825","clade","Bilateria",0.565217391,"Opisthokonta","Metazoa","","","","","","","AP002924","[]",33213,0,0,0,0,0,0,0,0,0,0,0,0,0,0,0,0,0,0,0,0,0,0,0,0,0,0,0,0,0,0,0,0,0,0,0,0,0,0,0,0,0,0,0,0,0,0,0,0,0,0,0,0,0,0,0,0,3,0,0,0,0,0,0,0,0,0,0,0,0,0,0,0,0,0,0,0,0,0,0,0,0,0,0,0,0,0,0,0,0,0,0,0,0,0,0,0,0,0,0,0,0,149,"1..150",1,3,"gatctccccaccaaagccgtcatgcgaccgccgggcgaatggaacgactaccacatcaccgccaaaggccatcacatcacccttcgcatcaacggccagctctgctccgaactcatcgaccaagaggaaggccactacgacctctcagg"
192,"tank_000071851","clade","Bilateria",0.572916667,"Opisthokonta","Metazoa","","","","","","","AP011563","[]",33213,0,0,0,0,0,0,0,0,0,0,0,0,0,0,0,0,0,0,0,0,0,0,0,0,0,0,0,0,0,0,0,0,0,0,0,0,0,0,0,0,0,0,0,0,0,0,0,0,0,0,0,0,0,0,0,0,0,0,3,0,0,0,0,0,0,0,0,0,0,0,0,0,0,0,0,0,0,0,0,0,0,0,0,0,0,0,0,0,0,0,0,0,0,0,0,0,0,0,0,0,0,163,"1..150",1,3,"cctgagtatgagcccactcctgagtatgagcccacccctgagtatgagcccacccctgggtatgaggccacctctaattacgtaagactcatgtccctcctctttcgtttctccagcacatcagttcacgtccaccaagacgatccaaactcgtcagacaggt"
194,"tank_000077960","clade","Bilateria",0.541436464,"Opisthokonta","Metazoa","","","","","","","KX778130","[]",33213,0,0,0,0,0,0,0,0,0,0,0,0,0,0,0,0,0,0,0,0,0,0,0,0,0,0,0,0,0,0,0,0,0,0,0,0,0,0,0,0,0,0,0,0,0,0,0,0,0,0,0,0,0,0,0,3,0,0,0,0,0,0,0,0,0,0,0,0,0,0,0,0,0,0,0,0,0,0,0,0,0,0,0,0,0,0,0,0,0,0,0,0,0,0,0,0,0,0,0,0,0,143,"1..150",2,3,"gagtacgaactgctgcgcgtgctctcggccaaccccggacgagtgctgacctaccgcgcgcttctgcgcctcgcgtggggcacccgctatcggggctccgtcaaccccaggctggtgcacgccgtcgtgaagaggctgcgcga"
205,"tank_000087337","clade","Bilateria",0.550505051,"Opisthokonta","Metazoa","","","","","","","EU167057","[]",33213,0,0,0,0,0,0,0,0,0,0,0,0,0,0,0,0,0,0,0,0,0,0,0,0,0,0,0,0,0,0,0,0,0,0,0,0,0,0,0,0,0,0,0,0,0,3,0,0,0,0,0,0,0,0,0,0,0,0,0,0,0,0,0,0,0,0,0,0,0,0,0,0,0,0,0,0,0,0,0,0,0,0,0,0,0,0,0,0,0,0,0,0,0,0,0,0,0,0,0,0,0,167,"1..150",1,3,"cacaaccataaggatccccatgttgcgcttactcctagtcttcgtcttttgcatcggcctagcccacgccgccgacaatcccgcagctcccggcttcaacgccgccgattccgatcccaaggccatcgccctagccgacgaagttatggccgcgatgggtggccgcg"
61,"tank_000007946","clade","Bilateria",0.573684211,"Opisthokonta","Metazoa","","","","","","","AY158678","[]",33213,0,0,0,0,0,0,0,0,0,0,0,0,0,0,0,0,0,0,0,0,0,0,0,0,0,0,0,0,0,0,0,0,0,0,0,0,0,0,0,0,0,0,0,0,0,0,0,0,0,0,0,0,0,0,0,0,0,0,0,0,4,0,0,0,0,0,0,0,0,0,0,0,0,0,0,0,0,0,0,0,0,0,0,0,0,0,0,0,0,0,0,0,0,0,0,0,0,0,0,0,0,144,"1..150",4,4,"gccacactgcaaaataaaccaactcagtagcaaactgggtcctccccgccagccaccgccatactacaaaataaaccaactcagtagcaaactgggtcctccccaccagccaccaccacactgcaaaataaaccaactcagtag"
83,"tank_000026060","clade","Bilateria",0.573459716,"Opisthokonta","Metazoa","","","","","","","AP011594","[]",33213,0,0,0,4,0,0,0,0,0,0,0,0,0,0,0,0,0,0,0,0,0,0,0,0,0,0,0,0,0,0,0,0,0,0,0,0,0,0,0,0,0,0,0,0,0,0,0,0,0,0,0,0,0,0,0,0,0,0,0,0,0,0,0,0,0,0,0,0,0,0,0,0,0,0,0,0,0,0,0,0,0,0,0,0,0,0,0,0,0,0,0,0,0,0,0,0,0,0,0,0,0,196,"1..150",3,4,"cggtatggcgcgatgaggtcgcggcgatgatgtcgacggaaaaactggtgacgctgacgcgcaaggccggtgcccgcatacacgttctccatatctcgaccgcgcaggagatgctctatctcgccaagcacaaggatgtggccagcgtcgaggcgacaccgcagcacctgacattggccggacccgacgcctgtga"
172,"tank_000058117","clade","Bilateria",0.557894737,"Opisthokonta","Metazoa","","","","","","","KY056596","[]",33213,0,0,0,0,0,0,0,0,0,0,0,0,0,0,0,0,0,0,0,0,0,0,0,0,0,0,0,0,0,4,0,0,0,0,0,0,0,0,0,0,0,0,0,0,0,0,0,0,0,0,0,0,0,0,0,0,0,0,0,0,0,0,0,0,0,0,0,0,0,0,0,0,0,0,0,0,0,0,0,0,0,0,0,0,0,0,0,0,0,0,0,0,0,0,0,0,0,0,0,0,0,158,"1..150",2,4,"gcaaccacgcgcccgccccgatgcggtccgatacagcgccattcgagtttgtccagcagttgccgtcgtgccgcctgcgtcttctcagatgtcatgtcaatactcattctcacgttgtccttgtgttcaacagaatctaccgcatactggcaaatgcg"
203,"tank_000085369","clade","Bilateria",0.556818182,"Opisthokonta","Metazoa","","","","","","","EU527333","[]",33213,0,4,0,0,0,0,0,0,0,0,0,0,0,0,0,0,0,0,0,0,0,0,0,0,0,0,0,0,0,0,0,0,0,0,0,0,0,0,0,0,0,0,0,0,0,0,0,0,0,0,0,0,0,0,0,0,0,0,0,0,0,0,0,0,0,0,0,0,0,0,0,0,0,0,0,0,0,0,0,0,0,0,0,0,0,0,0,0,0,0,0,0,0,0,0,0,0,0,0,0,0,159,"1..150",1,4,"ttggaactgtgggaggagcacttcagagtgttgcagttgggcactgtatgagagtaagggcacgtggcactggagaaggaagaactggaagactgcagtagaattggctggagaagttactgttgatgattcagcagtagtttcgtgaaattttgctgc"
136,"tank_000042967","clade","Bilateria",0.583756345,"Opisthokonta","Metazoa","","","","","","","AY218003","[]",33213,0,0,0,0,0,0,0,0,0,0,0,0,0,0,0,0,0,0,0,0,0,0,0,0,0,0,0,0,0,0,0,0,5,0,0,0,0,0,0,0,0,0,0,0,0,0,0,0,0,0,0,0,0,0,0,0,0,0,0,0,0,0,0,0,0,0,0,0,0,0,0,0,0,0,0,0,0,0,0,0,0,0,0,0,0,0,0,0,0,0,0,0,0,0,0,0,0,0,0,0,0,180,"1..150",2,5,"ccggttcctacgcctttgtaatttgctcatcaaatatggcaagctaaaacaacacataactttgataccagctgattatatatacacttgatatccaatatattggctaatgaatactcacttagtagcttgctaacctattgaccgctacatctctaacaaaattcatctcctgcactg"
141,"tank_000044935","clade","Bilateria",0.538043478,"Opisthokonta","Metazoa","","","","","","","AP011067","[]",33213,0,0,0,0,0,0,0,5,0,0,0,0,0,0,0,0,0,0,0,0,0,0,0,0,0,0,0,0,0,0,0,0,0,0,0,0,0,0,0,0,0,0,0,0,0,0,0,0,0,0,0,0,0,0,0,0,0,0,0,0,0,0,0,0,0,0,0,0,0,0,0,0,0,0,0,0,0,0,0,0,0,0,0,0,0,0,0,0,0,0,0,0,0,0,0,0,0,0,0,0,0,152,"1..150",1,5,"caaaccagtgtcgtcatcgtgtacacgagggacgccgcgaatcaagaagggttaccttgactcggggacgacttatgctccgcattcggggcggtgtcgtcattcgtagccgaatcatctattggtgtttgaggcgcgggatcaccgtccgg"
193,"tank_000075923","clade","Bilateria",0.605128205,"Opisthokonta","Metazoa","","","","","","","AF488509","[]",33213,0,3,0,0,1,0,0,1,0,0,0,0,0,0,0,0,0,0,0,0,0,0,0,0,0,0,0,0,0,0,0,0,0,0,0,0,0,0,0,0,0,0,0,0,0,0,0,0,0,0,0,0,0,0,0,0,0,0,0,0,0,0,0,0,0,0,0,0,0,0,0,0,0,0,0,0,0,0,0,0,0,0,0,0,0,0,0,0,0,0,0,0,0,0,0,0,0,0,0,0,0,182,"1..150",3,5,"gcggtaatacgtagggagcgagcgttacccggaactgccctcgaaactgcgtggctagaggccgggagaggagagtggaattcccagtggagaggtgaaattcgcagatattgggaggaacaccggtggcgaaagcggctctctggaacggttctgacgctgaggctcgaaagcgtggggag"
201,"tank_000084826","clade","Bilateria",0.559139785,"Opisthokonta","Metazoa","","","","","","","MF004312","[]",33213,0,0,0,0,0,0,0,0,0,0,0,0,0,0,0,0,0,0,0,0,0,0,0,0,0,0,0,0,0,0,0,0,0,0,0,0,0,0,0,0,0,0,0,0,0,0,0,0,0,0,0,0,0,0,0,0,0,0,0,5,0,0,0,0,0,0,0,0,0,0,0,0,0,0,0,0,0,0,0,0,0,0,0,0,0,0,0,0,0,0,0,0,0,0,0,0,0,0,0,0,0,155,"1..150",3,5,"cttgtcggagtccatgagccaattctggttgctgggcaactgcggccagaactccgtttcgaactcgtacagcgtgccgtctggcgttgtgatcgtgcactcgccctgatcgcagccacctcgcaagatcggtttggcagcaggcatgacaggtg"
35,"tank_000001341","clade","Bilateria",0.520547945,"Opisthokonta","Metazoa","","","","","","","AP011242","[]",33213,4,0,0,0,0,0,0,0,0,0,0,0,0,0,0,0,0,0,0,0,0,0,0,0,0,0,0,0,0,0,0,0,0,0,0,0,0,0,0,0,0,0,0,0,0,0,0,0,0,0,0,0,0,0,0,0,0,0,0,0,0,0,0,0,0,0,0,0,0,0,0,0,0,0,0,0,0,0,0,0,0,2,0,0,0,0,0,0,0,0,0,0,0,0,0,0,0,0,0,0,0,196,"1..150",3,6,"taagcacgccgcacggtcctttcgctgactttgaacaggcgtgcgatctccgggacagctcggtgttcttggtctcgcatgtgccgcacctcttccttctgcgcagttgtcagggcagggggcctgcccccaatccggccacgcttgcgcgcagacgccagaccttctttggtccgttcggaaatccgctcccgtt"
130,"tank_000039891","clade","Bilateria",0.546341463,"Opisthokonta","Metazoa","","","","","","","AB863607","[]",33213,0,0,0,0,2,0,0,0,0,0,0,0,0,0,0,0,0,0,0,0,0,0,0,0,0,0,0,0,0,0,0,0,0,0,0,0,0,0,0,0,0,0,0,0,0,2,0,0,1,0,0,0,0,0,0,0,0,0,0,0,0,0,0,0,0,0,0,0,0,0,0,0,0,0,0,0,0,0,0,0,0,0,0,0,0,0,0,0,1,0,0,0,0,0,0,0,0,0,0,0,0,184,"1..150",2,6,"gcgccgtaagccgctcgactttgtcgcgtaagctcaagccgaaggcttgtctccagcgccgagaggacatcctggttctctggcggagcccaacggatcgtttcctcgctcctttcggttcggcgggcgattcactagttgccgaccccttttgctccgtcagattctcgaatgcaaggaagtt"
138,"tank_000043743","clade","Bilateria",0.538043478,"Opisthokonta","Metazoa","","","","","","","EU443901","[]",33213,0,6,0,0,0,0,0,0,0,0,0,0,0,0,0,0,0,0,0,0,0,0,0,0,0,0,0,0,0,0,0,0,0,0,0,0,0,0,0,0,0,0,0,0,0,0,0,0,0,0,0,0,0,0,0,0,0,0,0,0,0,0,0,0,0,0,0,0,0,0,0,0,0,0,0,0,0,0,0,0,0,0,0,0,0,0,0,0,0,0,0,0,0,0,0,0,0,0,0,0,0,144,"1..150",3,6,"cctcgcagggtctcctctcacccctccccctccactcccaccaagccctcccgcacactagcctccccagctggcccgcatcacccaactccacgggatcctcacacccaactctccgctccagtacgtgaatcgtccggagcc"
158,"tank_000051029","clade","Bilateria",0.566210046,"Opisthokonta","Metazoa","","","","","","","AB560489","[]",33213,0,0,0,0,0,0,0,0,0,0,0,0,0,0,0,6,0,0,0,0,0,0,0,0,0,0,0,0,0,0,0,0,0,0,0,0,0,0,0,0,0,0,0,0,0,0,0,0,0,0,0,0,0,0,0,0,0,0,0,0,0,0,0,0,0,0,0,0,0,0,0,0,0,0,0,0,0,0,0,0,0,0,0,0,0,0,0,0,0,0,0,0,0,0,0,0,0,0,0,0,0,198,"1..150",3,6,"ccaatcacctcttggtgtcccagtttaaacttctgctccagcagtttcttcagcctccagaccaaaaccaattcctattaaaaaggcaaacaatgtcttaccctcttcactcatcaaaaaagtattgaaatctgcttgtcttgtcataaagcagcatcccaagttacgtggtgatagcaaagctggtatcctggcagt"
110,"tank_000034782","clade","Bilateria",0.543010753,"Opisthokonta","Metazoa","","","","","","","EU596647","[]",33213,0,0,0,0,0,0,0,0,1,0,0,0,0,0,0,0,0,0,0,0,0,0,0,0,0,0,0,0,0,0,0,0,0,0,0,0,0,0,0,0,0,0,0,0,0,0,0,0,0,0,0,0,0,0,0,6,0,0,0,0,0,0,0,0,0,0,0,0,0,0,0,0,0,0,0,0,0,0,0,0,0,0,0,0,0,0,0,0,0,0,0,0,0,0,0,0,0,0,0,0,0,152,"1..150",2,7,"caggaaaccggcgaacgcgacgttgaaatcctgatgccgaacgacgccatgaaccaggcatggaacctgttgtgggaggccgggcaagccgtcggcctccgtgcgttcggcacggcagcgcgggaatccctgcgcatcgaagccggcatccc"
71,"tank_000016492","clade","Bilateria",0.565934066,"Opisthokonta","Metazoa","","","","","","","KT153629","[]",33213,0,0,0,0,0,0,0,0,0,0,0,0,0,0,0,0,0,0,0,0,0,0,0,0,0,0,0,0,0,0,0,0,0,0,0,0,0,0,0,0,0,0,0,0,0,0,0,0,0,0,0,0,0,0,0,0,0,0,0,0,0,0,0,0,0,8,0,0,0,0,0,0,0,0,0,0,0,0,0,0,0,0,0,0,0,0,0,0,0,0,0,0,0,0,0,0,0,0,0,0,0,151,"1..150",7,8,"gccaggatgaccacacacacactcccccatcgcgatcgggcaagtccgcccacgacgttacggatccaccccacccccagcgagccactgcatcgacaggacccagccagcccacccggcgtgcttttcgcctcccaagcaaccgcgccgc"
145,"tank_000045202","clade","Bilateria",0.580808081,"Opisthokonta","Metazoa","","","","","","","KY815244","[]",33213,0,0,0,0,0,0,0,0,0,0,0,0,0,0,0,0,0,0,0,0,0,0,0,0,0,0,0,0,0,0,0,0,0,0,0,0,0,0,0,0,0,0,0,0,0,0,0,0,0,0,0,0,0,0,0,8,0,0,0,0,0,0,0,0,0,0,0,0,0,0,0,0,0,0,0,0,0,0,0,0,0,0,0,0,0,0,0,0,0,0,0,0,0,0,0,0,0,0,0,0,0,176,"1..150",2,8,"agaggtactggatgtatcagtgactgtgtagcctgtgtcagataagctgccaacccggaatacgtactgcggcaatcgccgaaactgtagactggaattgtgcgcagccagtcccggaaaccagcatctggcggtgcgcataattgcgttctaccaagtaatagctcatcgagttc"
153,"tank_000047201","clade","Bilateria",0.561111111,"Opisthokonta","Metazoa","","","","","","","JQ728563","[]",33213,0,0,0,0,0,0,0,0,0,0,0,0,0,0,0,0,0,0,0,0,0,0,0,0,0,0,0,0,0,0,0,0,0,0,0,0,0,0,0,0,0,0,0,0,0,0,0,0,0,0,0,0,0,0,0,0,0,0,0,0,0,8,0,0,0,0,0,0,0,0,0,0,0,0,0,0,0,0,0,0,0,0,0,0,0,0,0,0,0,0,0,0,0,0,0,0,0,0,0,0,0,142,"1..150",6,8,"ctaacaatggcgcgccgtatcgcactgaagaatggaatacgctatgccttcaccggtaacgtgttcgacgacaaggagggagcaagtacctattgccatggatgtgatacatgcctcatagggcgtaacgtgtatcggatta"
128,"tank_000039093","clade","Deuterostomia",0.569892473,"Opisthokonta","Metazoa","","","","","","","AY940742","[]",33511,0,0,0,0,0,0,0,0,0,0,0,0,0,0,0,0,0,0,0,0,0,0,0,0,0,0,0,0,0,0,0,0,0,0,0,0,0,0,0,0,0,0,0,0,0,0,0,0,0,0,0,0,0,0,0,0,0,0,0,0,0,0,10,0,0,0,0,0,0,0,0,0,0,0,0,0,0,0,0,0,0,0,0,0,0,0,0,0,0,0,0,0,0,0,0,0,0,0,0,0,0,143,"1..150",1,10,"gccacactgcaaaataaaccaactcagtagcaaactgggtcctccccaccagccaccgccacactgcaaaataaaccaactcagtagcaaactgggtccccccaccagccaccgccatactggaaaataaaccaactcagtag"
131,"tank_000040225","clade","Bilateria",0.549450549,"Opisthokonta","Metazoa","","","","","","","EU663429","[]",33213,0,0,0,0,0,0,0,11,0,0,0,0,0,0,0,0,0,0,0,0,0,0,0,0,0,0,0,0,0,0,0,0,0,0,0,0,0,0,0,0,0,0,0,0,0,0,0,0,0,0,0,0,0,0,0,0,0,0,0,0,0,0,0,0,0,0,0,0,0,0,0,0,0,0,0,0,0,0,0,0,0,0,0,0,0,0,0,0,0,0,0,0,0,0,0,0,0,0,0,0,0,140,"1..150",4,11,"acacggctatcgacgtggaggtctttcgcggtctcgcgatcgcggatgaagttgcgccgtttgtcgtcattaatgacaacgactccagggccgcatggtcgttcacgctcctgcacgagttgacccacttgctgctcggc"
53,"tank_000006148","clade","Bilateria",0.54679803,"Opisthokonta","Metazoa","","","","","","","KF766050","[]",33213,0,0,0,0,0,0,0,0,0,0,0,0,0,0,0,0,0,0,0,0,0,0,0,0,0,0,0,0,0,0,0,0,0,0,0,0,0,0,0,0,0,0,0,0,0,0,0,0,0,0,0,0,0,0,0,0,0,0,0,0,0,0,0,0,0,0,0,0,0,0,0,0,0,0,0,0,0,0,0,0,0,0,0,0,0,0,0,12,0,0,0,0,0,0,0,0,0,0,0,0,0,176,"1..150",3,12,"gtggagtgcggaagacagcgtccccacaccacaaagtggccacttcgggcacaacgctcgcccagcggggtgctgtgccacgccggcgcccagccttcatcgcgcaagacagcggggtcataccgcagcatcccggtgcatcgagggcatttccgcgagccgctctccaccgacgc"
43,"tank_000002756","clade","Bilateria",0.541666667,"Opisthokonta","Metazoa","","","","","","","DQ502261","[]",33213,0,0,0,0,0,0,0,0,0,0,0,0,0,0,0,0,0,0,0,0,13,0,0,0,0,0,0,0,0,0,0,0,0,0,0,0,0,0,0,0,0,0,0,0,0,0,0,0,0,0,0,0,0,0,0,0,0,0,0,0,0,0,0,0,0,0,0,0,0,0,0,0,0,0,0,0,0,0,0,0,0,0,0,0,0,0,0,0,0,0,0,0,0,0,0,0,0,0,0,0,0,150,"1..150",1,13,"cgtctgttcctgcatgtgctgcccgtcgcacgatcgattttgctgtctttaccgcgctttcagcttttctgttggactgtgggtattctgggctgcatgtacagtgctgaaacccccactctgtagcgagctctgtgaaggctgtactgg"
171,"tank_000057979","clade","Bilateria",0.530054645,"Opisthokonta","Metazoa","","","","","","","AP011920","[]",33213,0,13,0,0,0,0,0,0,0,0,0,0,0,0,0,0,0,0,0,0,0,0,0,0,0,0,0,0,0,0,0,0,0,0,0,0,0,0,0,0,0,0,0,0,0,0,0,0,0,0,0,0,0,0,0,0,0,0,0,0,0,0,0,0,0,0,0,0,0,0,0,0,0,0,0,0,0,0,0,0,0,0,0,0,0,0,0,0,0,0,0,0,0,0,0,0,0,0,0,0,0,140,"1..150",5,13,"tgaccagagccgcgttgacctcacgcggcttctcctgggccatccagtgcccggtccgcagcgccacctcggtcagattccgacagtagtgacgcatgggttcggccgccgctgccgccttcgccgccgcttcctcgatc"
57,"tank_000007258","clade","Bilateria",0.533018868,"Opisthokonta","Metazoa","","","","","","","AF447992","[]",33213,0,0,0,0,0,0,0,0,0,0,0,0,0,0,0,0,0,0,0,0,0,0,0,0,0,0,0,0,0,0,0,0,0,0,0,0,0,0,0,0,0,0,0,0,0,0,0,0,0,0,0,0,0,0,0,0,0,0,0,0,0,0,0,0,0,0,0,0,0,0,0,0,0,0,0,0,0,0,0,14,0,0,0,0,0,0,0,0,0,0,0,0,0,0,0,0,0,0,0,0,0,185,"1..150",7,14,"ctggcgacatgcccagctcagttcccatcgcctcccagcttaggtcctttgccaacttggccgcgataattgtttccgtcatggttagcttatccatcatcactccttcagcaatatcagctggctgcctgcaccgggattggcgcaggtttaagaatttttttttcagtctcatctgcactgag"
156,"tank_000050000","clade","Bilateria",0.561904762,"Opisthokonta","Metazoa","","","","","","","JX267321","[]",33213,0,0,0,0,0,0,0,14,0,0,0,0,0,0,0,0,0,0,0,0,0,0,0,0,0,0,0,0,0,0,0,0,0,0,0,0,0,0,0,0,0,0,0,0,0,0,0,0,0,0,0,0,0,0,0,0,0,0,0,0,0,0,0,0,0,0,0,0,0,0,0,0,0,0,0,0,0,0,0,0,0,0,0,0,0,0,0,0,0,0,0,0,0,0,0,0,0,0,0,0,0,186,"1..150",6,14,"ccgatgccgatgtccccgagcgccagggcttccttggcgaggcggtcgcgaaccgaaacgacgaacgggcagtgattgcagatgaacatgatcaatgttccgttttcccccgcgacatcaccaagcgaaacggtctcgccttcggttgacggaagtgtgaaatcgggggcctcccagccgaaatca"
154,"tank_000048874","clade","Bilateria",0.553299492,"Opisthokonta","Metazoa","","","","","","","AP009145","[]",33213,0,0,0,0,0,0,0,0,0,0,0,0,0,0,0,0,0,0,0,0,0,0,0,0,0,0,0,0,0,0,0,0,0,0,0,0,0,0,0,0,0,0,0,0,0,0,0,0,0,0,0,0,0,0,0,0,15,0,0,0,0,0,0,0,0,0,0,0,0,0,0,0,0,0,0,0,0,0,0,0,0,0,0,0,0,0,0,0,0,0,0,0,0,0,0,0,0,0,0,0,0,170,"1..150",5,15,"gcccaggttggtctcctggtcggggtccttgcgaacctccgctatctcgggaaactcgctggtcctggagaaaaacttgttctccaccagctcgccgaagcgccgggcgaagcgcaggtgctccgcaggcgggaagtcctgtccgcgaaagaacagtgcgccgtgacggg"
126,"tank_000038606","clade","Bilateria",0.548076923,"Opisthokonta","Metazoa","","","","","","","KC633221","[]",33213,0,0,0,0,0,0,0,0,0,0,0,0,0,0,0,0,0,0,0,0,0,0,0,0,0,0,0,0,0,0,0,0,0,0,0,0,0,0,0,0,0,0,0,0,0,0,0,0,0,0,0,0,0,0,0,0,0,0,17,0,0,0,0,0,0,0,0,0,0,0,0,0,0,0,0,0,0,0,0,0,0,0,0,0,0,0,0,0,0,0,0,0,0,0,0,0,0,0,0,0,0,177,"1..150",6,17,"cattccaatcctgtgcaatcccattgatcatctttaaaatatccggaaacacacactgcattcgttgccgctgactgagaatgtgatggtccggcagaagaactggaagactgcagtagaattggctggagaagttactgttgatgattcagcagtagtttcgtgaaattttgctgc"
28,"tank_000000528","clade","Bilateria",0.526595745,"Opisthokonta","Metazoa","","","","","","","AF285937","[]",33213,0,0,0,0,0,0,0,0,0,0,0,0,0,0,0,0,0,0,0,0,0,0,0,0,0,0,0,0,0,0,0,0,0,0,0,0,0,0,0,0,0,0,0,0,0,0,0,0,0,0,0,0,0,0,0,0,0,0,0,0,0,0,0,0,0,0,0,0,0,0,0,0,0,0,0,0,0,0,0,0,0,0,0,0,0,0,0,20,0,0,0,0,0,0,0,0,0,0,0,0,0,144,"1..150",6,20,"ctgaggatcttctgacgccggagctgggaagccagcccctggtccctgacgatcagggtcagtgccggattccgggtgttgaggctgaaggcgttcatgaccgtttggttgaggtgatcgaacctcttctcctgccggaccagc"
51,"tank_000005517","clade","Bilateria",0.555,"Opisthokonta","Metazoa","","","","","","","JX287470","[]",33213,0,0,0,0,0,0,0,0,0,0,0,0,0,0,0,0,0,0,0,0,0,0,0,0,0,0,0,0,0,0,0,0,0,0,0,0,0,0,0,0,0,0,0,0,20,0,0,0,0,0,0,0,0,0,0,0,0,0,0,0,0,0,0,0,0,0,0,0,0,0,0,0,0,0,0,0,0,0,0,0,0,0,0,0,0,0,0,0,0,0,0,0,0,0,0,0,0,0,0,0,0,167,"1..150",8,20,"aaaaacaaagtgcctgaagatgctgcggtcttggtgattgcaggtcctgaaaaacccttgactgctgaagaatcacaggccgttgaggattattttatgcagcgcaaaggcaaaattatgctgatgttgcaggcgcgctacgataccggcttagaaaaactcatggc"
44,"tank_000002821","clade","Bilateria",0.544444444,"Opisthokonta","Metazoa","","","","","","","AP002923","[]",33213,0,0,0,0,0,0,0,0,0,0,2,0,0,0,0,0,0,0,0,0,0,0,0,4,0,0,0,0,0,0,0,0,0,0,0,0,0,0,0,0,0,0,0,0,0,0,0,0,0,0,0,0,0,0,0,0,0,0,0,0,0,0,0,0,0,0,0,0,0,0,0,0,0,0,0,0,0,0,0,0,0,0,0,0,0,0,0,0,0,0,15,0,0,0,0,0,0,0,0,0,0,143,"1..150",10,21,"cctcaagcagaagccgcaccaacgcctgctccagccgcggcagcgcccgcgccggcctctgcgtccacacctgctccggccgcgaatgcatcggtggatcaatcccaagtgtacgccggcccagccgttcgtaagcttgcccg"
125,"tank_000038449","clade","Bilateria",0.556149733,"Opisthokonta","Metazoa","","","","","","","AP009143","[]",33213,0,0,0,0,0,0,0,0,0,0,0,0,0,0,0,0,0,0,0,0,0,0,0,0,0,0,0,0,0,0,0,0,0,0,0,0,0,0,0,21,0,0,0,0,0,0,0,0,0,0,0,0,0,0,0,0,0,0,0,0,0,0,0,0,0,0,0,0,0,0,0,0,0,0,0,0,0,0,0,0,0,0,0,0,0,0,0,0,0,0,0,0,0,0,0,0,0,0,0,0,0,150,"1..150",7,21,"ggtacgacctcgagcgcgaaagcctgttcctggttacgaacgcccacgtcatcgacaaggactccgggcatctcgacttgctggtcccacccatcgggggaggcttggtgaggtcgttcactgtgacggcggagatcggcgtcggggcag"
157,"tank_000050082","clade","Bilateria",0.547368421,"Opisthokonta","Metazoa","","","","","","","KM091480","[]",33213,0,0,0,0,0,0,0,0,0,0,0,0,0,0,0,0,0,0,0,0,0,0,0,0,0,0,0,0,0,0,0,0,0,0,0,0,0,0,0,0,0,0,0,0,0,0,0,0,0,0,0,7,0,0,0,0,0,0,0,5,0,0,0,0,0,0,0,0,0,0,0,0,0,0,0,0,0,0,0,0,0,0,0,9,0,0,0,0,0,0,0,0,0,0,0,0,0,0,0,0,0,155,"1..150",6,21,"aacaacaggcgtccctcgaactgtgcatgatcaacatgaactctttgccatgcatgctgtggaaccatccaagggtgagcaggtgccttggggggattcctgctagctgcctgacattccacacaagtacgacacaactcttcaatctgtgagtc"
118,"tank_000036970","clade","Bilateria",0.558823529,"Opisthokonta","Metazoa","","","","","","","AP012955","[]",33213,0,0,0,0,0,0,0,18,0,0,0,0,0,0,0,0,0,0,0,0,0,0,0,0,0,0,0,0,0,0,0,0,0,0,0,4,0,0,0,0,0,0,0,0,0,0,0,0,0,0,0,0,0,0,0,0,0,0,0,0,0,0,0,0,0,0,0,0,0,0,0,0,0,0,0,0,0,0,0,0,0,0,0,0,0,0,0,0,0,0,0,0,0,0,0,0,0,0,0,0,0,184,"1..150",8,22,"agcgtccgccgacgaactcgaggacaagtcccagcccctcgtgggaaatgcagcttccgttgcggaccgcgacgccaccggcccaccaaacgtccccgctccggacgatctccaagggtcgcgagccggggactgggataacctgcttctgcgattcgaacggcatgactgcgacctgcgcccg"
163,"tank_000053558","clade","Bilateria",0.569148936,"Opisthokonta","Metazoa","","","","","","","AC236992","[]",33213,0,0,0,0,0,0,0,0,0,0,0,0,0,0,0,0,0,0,0,0,0,0,0,0,0,0,0,0,0,0,0,0,0,0,0,13,0,0,0,0,0,0,0,0,0,0,0,0,13,0,0,0,0,0,0,0,0,0,0,0,0,0,0,0,0,0,0,0,0,0,0,0,0,0,0,0,0,0,0,0,0,0,0,0,0,0,0,0,0,0,0,0,0,0,0,0,0,0,0,0,0,155,"1..150",7,26,"agactcatcacgacctgagtccgcgtgtgcgtcatggtacccaaggccgccagcttcccgcccataaaagaaacgacaaagatgccgactgagtacgccaataaaatcagtatggaatgtgaatccatgatggctataaccgaaaattataggcg"
46,"tank_000003606","clade","Bilateria",0.537777778,"Opisthokonta","Metazoa","","","","","","","AB686161","[]",33213,0,0,0,0,0,0,0,0,0,0,0,0,0,0,0,0,0,0,0,0,0,0,0,0,0,0,0,0,0,0,0,0,0,0,0,0,0,0,0,0,0,0,0,0,0,0,0,0,0,0,0,0,0,0,0,0,0,0,0,0,0,0,0,0,0,0,0,0,0,0,0,0,0,0,0,0,0,0,0,0,0,0,0,0,28,0,0,0,0,0,0,0,0,0,0,0,0,0,0,0,0,203,"1..150",12,28,"ttactcatcccaaaacaagctcacaccctaatggaggaaacaatggacatcgttgaagcgctaaaggcctcactcactgatccgatgattatctgggcagaagtcgcctcatttttaccgaacctgtttggcgccgtcatgctactgctggtgggtcactttttaggtaaattagtcggcggcatcatcacccgcatactcaa"
39,"tank_000002022","clade","Bilateria",0.538461538,"Opisthokonta","Metazoa","","","","","","","MF186322","[]",33213,0,0,0,0,0,0,0,0,0,0,0,0,0,0,0,0,0,0,0,0,0,0,0,0,0,0,0,0,0,0,0,0,0,0,0,0,0,0,0,0,0,0,0,0,0,0,0,0,0,0,0,0,0,0,0,0,0,0,0,0,0,0,0,0,0,0,0,0,0,0,31,0,0,0,0,0,0,0,0,0,0,0,0,0,0,0,0,0,0,0,0,0,0,0,0,0,0,0,0,0,0,180,"1..150",8,31,"agccagaaaaaccgttgcgatccacggccatgattttggagtcagcgaggtctggaatgctgcgggcggagtcctctcggcgggcaaaaatggttgcaccggtgcgatcgatggactggccctcccacatctcggccagtcccagaattgcgcgggctctccactcgacttcggcggcca"
148,"tank_000045800","clade","Bilateria",0.553299492,"Opisthokonta","Metazoa","","","","","","","AY147891","[]",33213,0,0,0,0,0,0,0,0,0,0,0,0,0,0,0,0,0,0,0,0,0,29,0,0,0,0,0,0,0,0,0,0,0,0,0,0,0,0,0,0,0,0,0,0,0,0,0,0,0,0,2,0,0,0,0,0,0,0,0,0,0,0,0,0,0,0,0,0,0,0,0,0,0,0,0,0,0,0,0,0,0,0,0,0,0,0,0,0,0,0,0,0,0,0,0,0,0,0,0,0,0,158,"1..150",6,31,"ctatcttgaaacatcttcctacgccaccgagagatattaagttaccacacgatcggaatgaattgcccccagtgaaccaacaggaaataggcgtgtgtcgcgtcgttaaaggtagtttgcggctgatttcaggttctagtactgcaagcgattgggtg"
120,"tank_000037351","clade","Bilateria",0.533333333,"Opisthokonta","Metazoa","","","","","","","DQ674560","[]",33213,0,0,0,0,0,0,0,0,0,0,0,0,0,0,0,0,0,0,0,0,0,0,0,0,0,0,0,0,0,0,0,0,0,0,0,0,0,0,0,0,0,0,0,0,0,0,0,0,0,0,0,0,0,0,0,0,0,0,0,0,0,0,0,0,0,0,0,0,0,0,0,0,0,0,0,0,0,0,37,0,0,0,0,0,0,0,0,0,0,0,0,0,0,0,0,0,0,0,0,0,0,218,"1..150",15,37,"gcaaacaatcgacaaggagctggtatggatgccctggtactcaagcaagccgtagcgacagaggcgatcaaccgcgtcgccgacaccgatagcgaccgccttgttctgggcatcggtaccggcagcaccgccgagtgccttattgccgggttaccccggctgcgcgagcggattgaagcgacggtttcaagctccgggcgctcctcggcggccctgcg"
122,"tank_000037865","clade","Bilateria",0.553763441,"Opisthokonta","Metazoa","","","","","","","KR911790","[]",33213,0,0,0,0,0,0,0,0,0,0,0,0,0,0,0,0,0,0,0,0,0,0,0,0,0,0,5,0,0,0,0,0,0,0,0,0,0,0,0,0,0,0,0,0,0,0,0,0,0,0,0,0,0,0,0,0,33,0,0,0,0,0,0,0,0,0,0,0,0,0,0,0,0,0,0,0,0,0,0,0,0,0,0,0,0,0,0,0,0,0,0,0,0,0,0,0,0,0,0,0,0,146,"1..150",17,38,"atttcgccgttcaaaaagtgggtaagatcattcatcgcaaaatcctccgcatgggtttgcgcgcagaataggcttgcgaaaatcacttgaacagaggcaatatttcaaagttgttttgcgaaaatgcaaaaggttacggatgaacc"
105,"tank_000034039","clade","Deuterostomia",0.576530612,"Opisthokonta","Metazoa","","","","","","","MK294164","[]",33511,0,0,0,0,0,0,0,0,0,0,0,0,0,0,0,0,0,0,0,0,0,0,0,0,0,0,0,0,0,0,0,0,0,0,0,0,0,0,0,0,0,0,0,0,0,0,0,0,0,0,0,0,0,0,0,0,0,0,0,0,0,39,0,0,0,0,0,0,0,0,0,0,0,0,0,0,0,0,0,0,0,0,0,0,0,0,0,0,0,0,0,0,0,0,0,0,0,0,0,0,0,155,"1..150",17,39,"gccgcgcaccaggcccaagtagacgcgtcccggcgccaagtccgccagcaatgccgtgcccgcggcgatatccagcgggtgcatgcgcgaagggggaatgccggaaggaccgatgcgcgccttcgagatatgcggcgccatgagcaggagcggac"
170,"tank_000057670","clade","Bilateria",0.556561086,"Opisthokonta","Metazoa","","","","","","","AF407139","[]",33213,0,1,0,0,0,0,0,0,0,0,0,0,0,0,0,39,0,0,0,0,0,0,0,0,0,0,0,0,0,0,0,0,0,0,0,0,0,0,0,0,0,0,0,0,0,0,0,0,0,0,0,0,0,0,0,0,0,0,0,0,0,0,0,0,0,0,0,0,0,0,0,0,0,0,0,0,0,0,0,0,0,0,0,0,0,0,0,0,0,0,0,0,0,0,0,0,0,0,0,0,0,195,"1..150",22,40,"cacagaccaatttgcaatgaaaaagtggcagcaatttgtcaatttgtcgcagaccgccagtagccaagtactgaaaagggcgtacagaggtgagaagacagaaatgctttcaataaagcagaagagcgtggcttgagatgaaaactggctggagggaggattaggagtcaggcacacacacctgttgctgaagta"
60,"tank_000007898","clade","Bilateria",0.542105263,"Opisthokonta","Metazoa","","","","","","","AP006229","[]",33213,0,0,0,0,0,0,0,0,0,0,0,0,0,0,0,0,0,0,0,0,0,0,0,0,0,0,0,0,0,0,0,0,0,0,0,0,0,0,0,0,0,0,0,0,0,0,0,0,0,0,0,0,0,0,0,0,0,0,0,0,0,0,0,0,0,0,0,0,0,0,0,0,0,0,0,0,0,0,0,0,0,0,0,0,0,0,0,43,0,0,0,0,0,0,0,0,0,0,0,0,0,152,"1..150",18,43,"acccacccggtgaccgacatcgcattgccggcggcgccccgggtgaagattcgttcgcgcccgctgggatcggagtcgtcgagcgcggaggcggcggttcctgccaggatgaggcccgtaaccccggaagccaggccgagtccggcgatcgc"
121,"tank_000037848","clade","Bilateria",0.565217391,"Opisthokonta","Metazoa","","","","","","","MK213066","[]",33213,0,0,0,0,0,0,0,0,0,0,0,0,0,0,0,0,0,0,0,0,0,0,0,0,0,0,0,0,0,0,0,0,0,0,0,0,0,0,0,0,0,0,0,0,0,49,0,0,0,0,0,0,0,0,0,0,0,0,0,0,0,0,0,0,0,0,0,0,0,0,0,0,0,0,0,0,0,0,0,0,0,0,0,0,0,0,0,0,0,0,0,0,0,0,0,0,0,0,0,0,0,176,"1..150",17,49,"gcaacggaatgaacttacccagagattagcctcctaattatgaaatggcaagccattttgttaggggttctcagttccctcaacctgtcattgcgagcgaagcgtggcaatctcgctgcggtcagggccgtcgctacgtcaacgggattgccacgtcgctacgctcctcgcagtga"
117,"tank_000036839","clade","Bilateria",0.554545455,"Opisthokonta","Metazoa","","","","","","","KP853096","[]",33213,0,0,0,0,0,0,0,0,53,0,0,0,0,0,0,0,0,0,0,0,0,0,0,0,0,0,0,0,0,0,0,0,0,0,0,0,0,0,0,0,0,0,0,0,0,0,0,0,0,0,0,0,0,0,0,0,0,0,0,0,0,0,0,0,0,0,0,0,0,0,0,0,0,0,0,0,0,0,0,0,0,0,0,0,0,0,0,0,0,0,0,0,0,0,0,0,0,0,0,0,0,194,"1..150",24,53,"cacagaccaatttgcaatgaaaaagtggcagcaatttgtcaatttgtcgcagaccgccagtagctaaccactgaagcggcgtacagaggtgagaagacagaaatgctttcagtaaagcagaagagcgtggcttgagatgaaaactggctggaggtaggattaggagtcacacacacacacctgttgctgaagta"
129,"tank_000039527","clade","Bilateria",0.544554455,"Opisthokonta","Metazoa","","","","","","","AC021451","[]",33213,0,53,0,0,0,0,0,0,0,0,0,0,0,0,0,5,0,0,0,0,0,0,0,0,0,0,0,0,0,1,0,0,0,0,0,0,0,0,0,0,0,0,0,0,0,0,0,0,0,0,0,0,0,0,0,0,0,0,0,0,0,0,0,0,0,0,0,0,0,0,0,0,0,0,0,0,0,0,0,0,0,0,0,0,0,0,0,0,0,0,0,0,0,0,0,0,0,0,0,0,0,182,"1..150",23,59,"ccacccattccaatcctgtacaatcccattgatcatctttaaaatatccggaaacacacactgcattcgttgccgctgactgagaatgtgatggtccggcagaagaactggaagactgcagtagaattggctggagaagttactgttgatgattcagcagtagtttcgtgaaattttgctgc"
107,"tank_000034138","clade","Bilateria",0.56043956,"Opisthokonta","Metazoa","","","","","","","MG909663","[]",33213,0,0,0,0,0,0,0,76,0,0,0,0,0,0,0,0,0,0,0,0,0,0,0,0,0,0,0,0,0,0,0,0,0,0,0,0,0,0,0,0,0,0,0,0,0,0,0,0,0,0,0,0,0,0,0,0,0,0,0,0,0,0,0,0,0,0,0,0,0,0,0,0,0,0,0,0,0,0,0,0,0,0,0,0,0,0,0,0,0,0,0,0,0,0,0,0,0,0,0,0,0,148,"1..150",23,76,"tgctgcttgacaaatacgacatctttgtccagcatatcaatcaccctactgtcccagtcggtactgaacgtttaaggattaccccaactccactgcataccgacgaaatgatcgactatcttattgatgctctggttagcgtatttga"
114,"tank_000036489","clade","Bilateria",0.553763441,"Opisthokonta","Metazoa","","","","","","","MG386479","[]",33213,0,0,0,0,0,0,0,0,0,0,0,0,0,0,0,0,0,0,0,0,0,0,0,0,0,0,0,0,0,0,0,0,0,0,0,0,0,0,0,9,0,0,0,0,0,0,0,0,0,0,0,0,0,0,0,67,0,0,0,0,0,0,0,0,0,0,0,0,0,0,0,0,0,0,0,0,0,0,0,0,0,0,0,0,0,1,0,0,0,0,0,0,0,0,0,0,0,0,0,0,0,148,"1..150",24,77,"tgagtcgcttctcgttgcgcgtcgttgaagtaggcgggcacggttatcactgcttgcgtgacggattctcccaatcgctcttccgcatccgacttcagtcgagcgagcagcatggacgatatctcagctggcggacgcacgcttccat"
108,"tank_000034246","clade","Bilateria",0.563157895,"Opisthokonta","Metazoa","","","","","","","AY862182","[]",33213,0,0,0,0,0,0,0,0,0,0,0,0,0,0,0,125,0,0,0,0,0,0,0,0,0,0,0,0,0,0,0,0,0,0,0,0,0,0,0,0,0,0,0,0,0,0,0,0,0,0,0,0,0,0,0,0,0,0,0,0,0,0,0,0,0,0,0,0,0,0,0,0,0,0,0,0,0,0,0,0,0,0,0,0,0,0,0,0,0,0,0,0,0,0,0,0,0,0,0,0,0,159,"1..150",41,125,"ctgagagaagcaacagaaagtgaagaaagaacaacttccactccatcagaagggggctcattattgggacctaaaatgagagtacaagaaataaaaagtccagctaagaattaagtgtagagcatgtattcatacatgtatgtgtacttatggtacctg"
47,"tank_000003628","clade","Bilateria",0.551111111,"Opisthokonta","Metazoa","","","","","","","HQ290986","[]",33213,0,0,0,0,0,0,0,0,0,0,0,0,0,0,0,1,0,0,0,0,0,0,0,0,0,0,0,0,0,7,0,0,0,0,0,0,0,0,0,0,0,0,0,0,0,0,0,0,0,0,0,40,0,0,0,0,0,87,0,0,0,0,0,0,0,0,0,0,0,0,0,0,0,0,0,0,0,0,11,0,0,0,0,0,0,0,0,0,0,0,0,0,0,0,0,0,0,0,0,0,0,214,"1..150",54,146,"acattcgctggatgtgggcgtctcatgtggtacatcactcttcagaaacgctgaatctcagcacagcctttcgtcagagtttgacgtatccaatctctggtatgtgggttttctggttgccgctaatgtttcttggcttccaaccggaaaccgtaatcgctgtcgtattgattaatctcgcttatcagttttttgtacacacacaatgtgtcga"
88,"tank_000032984","clade","Bilateria",0.557603687,"Opisthokonta","Metazoa","","","","","","","DQ485794","[]",33213,0,0,0,0,34,0,0,0,0,0,0,0,0,0,0,0,0,0,5,0,0,0,0,0,0,0,0,0,0,0,0,0,0,0,0,0,0,0,0,57,0,1,9,0,0,0,0,0,0,0,0,0,0,0,0,0,0,0,66,0,0,0,0,0,0,0,0,0,0,0,0,0,0,0,0,0,0,0,0,0,0,0,0,0,0,14,0,0,0,0,0,0,0,0,0,0,0,0,0,0,0,193,"1..150",69,186,"atacacaaacgtcactcatccatatcggcaagtgtggtggtggttcattgaaagcggcattacggacggctgggattgcagatgagcttcgcatttttcatgtccaacaaccagccttccggaagaacatgcggtacattattcttgccagaaaccctgttaaacgaacgatttcggcatttaactggcgcta"
115,"tank_000036532","clade","Bilateria",0.537037037,"Opisthokonta","Metazoa","","","","","","","HQ167110","[]",33213,0,0,0,0,0,0,0,3,0,0,0,0,0,0,0,0,0,0,0,1,0,0,0,0,0,0,0,0,0,0,0,0,0,0,0,0,0,0,0,0,0,0,0,1,0,0,0,0,0,0,0,0,0,0,0,0,0,0,0,1,0,0,0,0,0,0,0,0,0,0,0,0,0,0,0,181,0,0,0,0,0,0,0,0,0,0,0,0,0,0,0,0,0,0,0,0,0,0,0,0,0,204,"1..150",79,187,"cctggcactgactccccgccagactgttcccaccccaaaactatgatgcacccatttcgaatatgtgtgcgataccctggatcctactacattgccctcccaatcgagcaacatccattctctgtcgcgagagaagtagaaaacgcctgtggcgggccagtcctctttcccttatggaagcatttgtcggtgtgcattgcgcgc"
104,"tank_000033961","clade","Bilateria",0.561497326,"Opisthokonta","Metazoa","","","","","","","MG909663","[]",33213,0,0,0,0,188,0,0,0,0,0,0,0,0,0,0,0,0,0,1,0,0,0,0,0,0,0,0,0,0,0,0,0,0,0,0,0,0,0,0,0,0,0,0,0,0,0,0,0,0,0,0,0,0,0,0,0,0,0,0,0,0,0,0,0,0,0,0,0,0,0,0,0,0,0,0,0,0,0,0,0,0,0,0,0,0,0,0,0,0,0,0,0,0,0,0,0,0,0,0,0,0,155,"1..150",61,189,"ctgagtgaagcaacagaaagtgaagagagaacaacttccactccatcagaagggggctcattattgggacctaaaatgagggtacaagaaatatagagtccagttaagaagtgtagagcatgtattcatacatgtatgtgtacttatggtacctg"
102,"tank_000033846","clade","Bilateria",0.568527919,"Opisthokonta","Metazoa","","","","","","","JQ071621","[]",33213,0,0,0,0,0,0,0,0,0,0,0,0,0,0,0,0,0,0,0,0,0,0,0,0,0,0,0,0,0,0,0,0,0,0,0,0,0,0,0,0,0,0,0,0,0,0,0,0,0,0,0,0,0,0,0,193,0,0,0,0,0,0,0,0,0,0,0,0,0,0,0,0,0,0,0,0,0,0,0,0,0,0,0,0,0,0,0,0,0,0,0,0,0,0,0,0,0,0,0,0,0,158,"1..150",57,193,"tatctaaatatattgcaggtatgaacctaccacaagcacatcggatcctgggaaaagttccaccaccagctggccaggaaaagagagacagctcacaagcctcaaaagaagacttttgatagatgatgcatgaacgcaggatgaatcgcgagctctct"
95,"tank_000033429","clade","Bilateria",0.540106952,"Opisthokonta","Metazoa","","","","","","","EU547113","[]",33213,0,0,0,0,0,0,0,0,0,0,0,0,0,0,0,0,0,0,0,0,0,0,0,0,0,0,0,0,0,0,0,0,0,0,0,0,0,0,0,0,0,0,0,0,0,0,278,0,0,0,0,0,0,0,0,0,0,0,0,0,0,0,0,0,0,0,0,0,0,0,0,0,0,0,0,0,0,0,0,0,0,0,0,0,0,0,0,0,0,0,0,0,0,0,0,0,0,0,0,0,0,161,"1..150",66,278,"cctagtatttcgccacccccaagtatccgcctgaagggcctcacattctggagcgtcctacacgtcggacgtttgatgccggtagggattgaacaacaagtagttcaaatgccggtacaaatcactgtcggcaagcagttgcgcgtgctttccctcgccga"
96,"tank_000033433","clade","Bilateria",0.568421053,"Opisthokonta","Metazoa","","","","","","","AB435272","[]",33213,0,0,0,0,0,0,0,0,130,0,0,0,0,0,0,1,0,0,0,0,0,0,0,0,0,0,0,0,0,0,0,0,0,0,0,0,0,0,0,0,0,0,0,0,0,191,0,0,6,0,0,0,0,0,0,0,0,0,0,0,0,0,0,0,0,0,0,0,0,0,0,0,0,0,0,0,0,0,0,0,0,0,0,0,0,0,0,0,0,0,0,0,0,0,0,0,0,0,0,0,0,153,"1..150",17,328,"tagctaaatatattgcgggtatgaacctaccacaagcacatcctgggaaaagttccaccaccagctggccaggaaacgagagacagctcacaagcctcaaaagaagagttttgattgataatgcatgaacgcaggatgaatcacgagctctct"
91,"tank_000033289","clade","Bilateria",0.548387097,"Opisthokonta","Metazoa","","","","","","","KP013619","[]",33213,0,0,0,0,0,0,0,0,0,0,0,0,0,0,0,0,0,0,0,0,0,0,0,0,0,0,0,0,0,0,0,0,0,0,0,0,0,0,0,0,0,0,0,0,0,0,0,0,57,0,0,0,0,0,0,342,0,0,0,0,0,73,0,0,0,0,0,0,0,0,0,0,0,0,0,0,0,1,0,0,0,0,0,0,0,0,0,0,3,0,0,0,0,0,0,0,0,0,0,0,0,142,"1..150",98,476,"attcctcggcacccagcagcatccgcgagtgagcgaattagctcgcaacgtacggaggcctggacatgcgtctcttcttcagcaagaatctcgaacgccagcgtaagcagggcgtcaccagaaagaatggcagtcgcttcat"
111,"tank_000035140","clade","Bilateria",0.561904762,"Opisthokonta","Metazoa","","","","","","","MF186288","[]",33213,0,9,0,0,5,0,0,0,38,0,0,0,0,0,0,4,0,0,0,0,0,15,0,0,0,0,1,0,0,211,0,0,1,0,0,0,0,0,0,0,0,0,0,0,0,60,0,0,154,0,2,0,0,0,0,0,0,0,0,0,0,12,0,0,0,0,0,0,0,0,2,0,0,0,0,0,0,2,0,0,0,0,0,0,0,0,0,0,1,0,0,0,0,0,0,0,0,0,0,0,0,190,"1..150",184,517,"tccttgggaccagatgatttaaatgatgtcattgaagagctcttggacatctgtggaaaatggttcgacattggacttcgtttgaggctgcgaccgggcgacctggagaacatagaatgccagaaccaagatatacgaatatgtctccgtaagatgttgctccactggctgaagaaggtggacccgcccc"
106,"tank_000034047","clade","Bilateria",0.566037736,"Opisthokonta","Metazoa","","","","","","","DQ283053","[]",33213,0,0,0,0,62,0,0,0,79,0,0,0,0,0,0,39,0,0,1,0,0,7,0,0,0,0,36,0,0,0,0,0,0,0,0,0,0,0,0,0,0,0,0,0,0,214,0,0,44,0,3,0,0,0,0,76,0,0,0,0,0,14,0,0,0,0,0,0,0,0,0,0,0,0,0,0,0,5,0,0,0,0,0,0,0,0,0,0,1,0,0,0,0,0,0,0,0,0,0,0,0,193,"1..150",197,581,"gtagcttatggctgcctgcactgctgggaagaaggccttgatagcctataaaggaagaacactgagtgcactaacttaataaacaagctgacctcactcacgtctgggttggtaacgtctggtgttcctactgagaagcacccaatgactgctctcagcccatgtgctgccatgagctccactctggcctcct"
100,"tank_000033726","clade","Bilateria",0.511764706,"Opisthokonta","Metazoa","","","","","","","KJ778884","[]",33213,0,0,0,0,0,0,0,0,0,0,0,0,0,0,0,0,0,0,0,0,0,0,0,0,0,0,0,0,0,0,0,0,0,0,0,0,0,0,0,0,0,0,0,0,0,0,0,0,0,0,0,0,0,0,0,0,0,0,0,0,0,0,0,0,0,0,0,0,625,0,0,0,0,0,0,0,0,0,0,0,0,0,0,0,0,0,0,0,0,0,0,0,0,0,0,0,0,0,0,0,0,143,"1..150",110,625,"agcagtgcggcggatctgcacctggccattcgacccggcacggatctggtgttgctgcacggcatcggccacctgctgctgcgccaggccaccctggacttcgacttcattgaggggtgtacggaggggtttttctcctatgc"
15,"tank_000000034","clade","Bilateria",0.56937799,"Opisthokonta","Metazoa","","","","","","","DQ674565","[]",33213,0,0,0,0,0,0,0,0,0,0,0,0,0,0,0,0,0,0,0,0,0,0,0,0,0,0,0,0,0,0,0,1,0,0,773,0,0,0,0,0,0,0,0,0,0,0,0,0,0,0,0,0,0,0,0,0,0,0,0,0,0,0,0,0,0,0,0,10,0,0,0,0,0,0,0,0,0,0,0,0,0,0,0,0,0,0,0,1,0,0,0,0,0,0,0,0,0,0,0,0,0,177,"1..150",206,785,"cgatacccggccaattcgcgacttctgacttggagacgaaatagatccgtttcgaggcattgagcgcgaaaatatcaagccagctgctgtgattggccactgctgcgccagtatgctccattggcttaccatgcacccggatcggaatttgcaggcacagaaatgcggatttgcaga"
94,"tank_000033375","clade","Bilateria",0.551219512,"Opisthokonta","Metazoa","","","","","","","AP012955","[]",33213,0,111,0,0,634,0,0,0,5,0,0,0,0,0,0,7,0,0,0,0,0,0,0,0,0,0,0,0,0,0,0,0,0,0,0,0,0,0,0,0,0,0,0,0,0,1,0,0,74,0,0,0,0,0,0,0,0,0,0,0,0,0,0,0,0,0,0,0,0,0,0,0,0,0,0,0,0,0,0,0,0,0,0,0,0,0,0,0,1,0,0,0,0,0,0,0,0,0,0,0,0,184,"1..150",203,833,"agtgtccgccgacgaactcaaggagaagccccagtccctcgtgggaaatgcagcttccgttgcggatcgcgacgcctccggcccaccagacgtccccgctccggacgagctccaagggtcgggagccggggaccgggataacctgcttctgcgactcgaacggcacgactgcgacctgcacccg"
58,"tank_000007440","clade","Bilateria",0.566502463,"Opisthokonta","Metazoa","","","","","","","MK060131","[]",33213,0,0,0,0,0,0,0,0,0,0,0,0,0,0,0,0,0,0,0,0,0,127,0,0,0,0,0,0,0,0,0,0,0,0,0,0,0,0,0,0,0,0,0,0,0,667,1,0,303,0,25,0,0,0,0,0,0,0,0,0,0,93,0,0,0,0,0,0,0,0,0,0,0,0,0,0,0,0,0,0,0,0,0,0,1,0,0,0,2,0,0,0,0,0,0,0,0,0,0,0,0,166,"1..150",226,1219,"gcctcctcgagcccgagttccagctcgtagcggagatcggcgccgcgatagacgcgctgtccgccgccgcgcccgccgaagatgtcaccgaatacctcgtcgaatatgtcgcgaaatccggcgccgcccgagaaccctccaccgctcgcatccaccccggcgtgac"
97,"tank_000033439","clade","Bilateria",0.554973822,"Opisthokonta","Metazoa","","","","","","","MG099108","[]",33213,0,0,0,0,86,0,0,0,0,0,0,0,0,0,0,0,0,0,0,0,0,0,0,0,0,0,0,0,0,0,0,0,0,0,0,0,0,0,0,73,0,0,0,0,0,0,0,0,0,0,0,0,0,0,0,0,0,0,1084,0,0,0,0,0,0,0,0,0,0,0,0,0,0,0,0,0,0,0,0,0,0,0,0,0,0,15,0,0,0,0,0,0,0,0,0,0,0,0,0,0,0,149,"1..150",219,1258,"atagctaagcggtccgtagagcgctcgcaacgcttcccgatcgaccggatacaggcccgatgaaggtctcctcgcgaggagcgcagcatactcgtcgctaagctggtcttcaggaccaaataccctctcccctccgccgatgagactgt"
85,"tank_000027790","clade","Bilateria",0.56185567,"Opisthokonta","Metazoa","","","","","","","KX822153","[]",33213,0,446,0,1,970,0,0,0,43,0,0,1,0,0,0,2,0,0,1,0,0,0,0,0,0,0,2,0,0,0,0,0,0,0,0,0,0,0,0,0,0,0,0,0,0,40,0,0,0,0,0,0,0,0,0,0,0,0,38,0,0,0,0,0,0,0,0,0,0,0,1,0,0,0,0,0,0,0,0,0,0,0,8,0,0,42,0,0,0,0,0,0,0,0,0,0,0,0,0,0,0,152,"1..150",401,1595,"tagctaaatatattgcggtatgaacctaccacaagcacatcctgggaaaagttccaccaccagctggccaggaaaggagagacagctcacaagcctcaaaagaagagttttgacagatgatgcatgaacgcaggatgaatcacgagctctct"
92,"tank_000033342","clade","Deuterostomia",0.585,"Opisthokonta","Metazoa","","","","","","","KU721838","[]",33511,0,2,0,0,0,0,0,0,0,404,0,0,0,0,0,0,0,0,0,369,0,0,13,0,0,0,0,0,0,0,0,0,0,296,0,0,0,5,0,0,0,0,0,31,2,0,12,0,0,0,0,671,0,0,0,0,29,0,0,37,0,0,0,0,0,0,0,0,0,0,0,0,0,0,0,22,0,0,87,0,0,0,0,13,0,0,158,0,0,243,0,0,0,0,0,0,0,0,0,0,0,171,"1..150",598,2394,"ccctttgatataattttggatcagcccctgtatatacacacgcagctagtgggctccaatacaatttatgaccatctataaagctgtcatttccacacatagaatgaaggcatgcaccttaataaatttgcgagtgataaagctgcagagctaaccctgcatggtgtcatg"
56,"tank_000007238","clade","Bilateria",0.575,"Opisthokonta","Metazoa","","","","","","","AB435257","[]",33213,0,128,0,0,0,0,0,0,239,0,0,0,0,0,0,456,0,0,0,0,1,300,0,0,0,0,0,0,0,20,0,0,62,0,0,0,0,0,0,0,0,0,0,0,1,1228,0,0,218,0,85,0,0,0,0,1,0,0,0,0,0,181,0,0,0,0,0,0,0,0,0,0,0,0,0,0,0,23,0,0,0,0,2,0,0,0,0,0,1,0,0,0,0,0,0,0,0,0,0,0,0,171,"1..150",710,2946,"atcaaggtttgaagcactgcttatacagatgctagtctcatggtcagagtatgaaaccatgctattttttttaattagcaatcacagagctttcagctggtatataatatgctagctccgttttcagcaatagtattctaaacgatgccaaaccttcaaggcccacacctc"
93,"tank_000033356","clade","Bilateria",0.551351351,"Opisthokonta","Metazoa","","","","","","","AY372776","[]",33213,0,1,0,0,0,0,0,0,0,0,0,0,0,0,0,0,0,0,0,0,0,1,0,0,0,0,0,0,0,0,0,0,0,0,0,0,0,0,0,1,0,0,0,0,0,0,0,0,0,0,0,0,0,0,0,0,0,0,0,0,0,0,0,0,0,0,0,0,0,0,0,0,0,0,0,0,0,0,7194,0,0,0,0,0,0,0,0,0,1,0,0,0,0,0,0,0,0,0,0,2,0,150,"1..150",1103,7200,"gcccaaaactcgccgaccctcgacgcacatcggctgctacatcgaaaatttctccctcgagcacccgaatcagctttccctgtggcctgttcacctgcgcatgaagaccgcgcaacgtccgccgcgtggagcgagaatagttatcttgca"
54,"tank_000006238","clade","Bilateria",0.570707071,"Opisthokonta","Metazoa","","","","","","","AY326025","[]",33213,0,311,0,0,4720,0,0,1,3683,0,0,4,0,0,0,315,0,0,1400,0,4,1737,0,0,0,0,390,0,0,1063,0,0,167,0,0,0,15,0,0,3610,0,1,1551,1,3,3990,0,0,796,0,176,0,0,0,0,3277,0,0,2546,0,0,173,0,0,0,0,0,0,0,4,3,0,0,0,2,1,0,95,1,3,0,0,72,0,1,292,1,0,13,0,0,0,0,0,0,0,0,0,0,4,0,163,"1..150",4078,30426,"atcaaggtttgaagcagtgcttatacagatactagtctcatggtcagagtatgaaaccatgctattttagcaatcacagagctttcagctggtacataatatgctagctccgttttcagcaatagtattctaaacgatgccaaaccttcaaggcccacacctc"
19,"tank_000000064","clade","Percomorphaceae",0.852941176,"Opisthokonta","Metazoa","Chordata","Actinopterygii","","","","","AB370894","[]",1489872,0,0,0,0,0,0,0,0,0,0,0,0,0,0,0,0,0,0,0,0,0,0,0,0,0,0,0,0,0,0,0,0,0,0,0,0,0,0,0,0,0,0,0,0,0,0,0,0,0,0,0,0,0,0,0,0,0,0,0,0,0,0,0,0,0,0,0,0,0,296,0,0,0,0,0,0,0,0,0,0,0,0,0,0,0,0,0,0,0,0,0,0,0,0,0,0,0,0,0,0,0,164,"1..150",112,296,"gcggttatacgagaggcccaagttgatacacgcggcgtaaagtgtggttaagataagtttcaaactaaagtcgaacgcccccagagcagtagtacgcttccgagagcaagaagccccctcacgaaagtaactttacaccatctgactccacgaaagctgtgaaa"
16,"tank_000000035","clade","Percomorphaceae",0.857142857,"Opisthokonta","Metazoa","Chordata","Actinopterygii","","","","","AP002943","[]",1489872,0,0,0,0,0,0,0,0,4,1,0,0,0,0,0,0,0,0,0,0,14150,0,1,1,0,0,0,0,0,1,0,0,0,1,0,0,10601,0,9311,2837,0,0,1188,0,0,0,0,0,1,0,0,0,0,0,0,0,0,1,0,0,13,0,0,0,0,3,0,1,0,2,0,0,0,1,0,0,0,0,0,0,0,0,0,0,0,0,0,0,0,0,0,0,0,0,0,0,0,0,2,2,0,166,"1..150",4159,38122,"gcggttatacgagagacccaagttgacagatattcggcgtaaagggtggttaagattttacttaaactaaagtcgaacgccttcaagtctgtggtacgttactcgaaggcaagaagccccactacgaaagtgactttatttatctgaccccacgaaagctaggaca"
23,"tank_000000100","species","Acanthurus guttatus",0.993975904,"Opisthokonta","Metazoa","Chordata","Actinopterygii","Acanthuriformes","Acanthuridae","Acanthurus","Acanthurus guttatus","AF055609","[Acanthurus guttatus]",75013,1,0,0,0,0,0,0,0,0,0,0,0,0,0,0,0,0,0,0,0,0,0,0,0,0,0,0,0,0,0,0,0,0,0,0,0,0,0,0,0,0,0,0,0,0,0,0,0,0,0,0,0,0,0,0,0,0,0,0,0,0,0,0,0,0,743,0,0,0,966,0,0,0,0,0,0,0,0,0,0,0,0,0,0,0,0,0,0,0,0,0,0,0,0,0,0,0,0,0,0,0,166,"1..150",444,1710,"gcggttatacgagagacccaagttgacagacaatcggcgtaaagagtggttaagtactacacttcactaaagctaaacaccttcaaagctgttatacgcacccgaaggccagaaacccaatcacgaaagtggctttaaactaaccgaacccacgaaagctagggta"
27,"tank_000000328","species","Naso elegans",1,"Opisthokonta","Metazoa","Chordata","Actinopterygii","Acanthuriformes","Acanthuridae","Naso","Naso elegans","KU244261","[Naso elegans]",238058,0,0,0,0,0,0,0,0,0,0,0,0,0,0,0,0,0,1,0,0,1,0,0,0,0,0,0,0,2,0,0,0,0,0,0,0,0,0,0,1,0,0,0,0,0,0,0,0,0,0,0,0,0,0,0,0,0,0,0,0,0,0,0,0,0,1029,0,674,0,223,0,0,0,0,0,0,0,0,0,0,0,0,0,0,0,0,0,0,0,0,0,0,0,0,0,0,0,0,0,0,0,166,"1..150",452,1931,"gcggttatacgagagacccaagttgttagacaccggcgtaaagagtggttaggaaaactcattcaactagagccgaacaccttcaaagctgttatacgcacccgaaggtaagaagcccaactacgaaagtggctttatgttaactgaacccacgaaagctaggata"
10,"tank_000000020","species","Paracanthurus hepatus",1,"Opisthokonta","Metazoa","Chordata","Actinopterygii","Acanthuriformes","Acanthuridae","Paracanthurus","Paracanthurus hepatus","KT826539","[Paracanthurus hepatus]",75030,0,0,0,0,0,0,0,0,0,0,0,0,0,0,0,0,0,2,0,0,1,0,0,0,0,0,0,0,2,0,0,1,0,0,0,0,0,0,2,0,1,0,0,0,0,0,0,0,0,0,0,0,0,0,0,0,0,0,0,0,0,0,0,0,0,1399,0,6961,0,1810,0,0,0,0,0,0,0,0,0,0,0,0,0,0,0,0,0,0,0,0,0,0,0,0,0,0,0,0,0,0,0,165,"1..150",445,10179,"gcggttatacgagagacccaagttgttagacatcggcgtaaagagtggttaagtactattacttactaaagccgaacaccttcgaagctgtcatacgcacctgaagacaggaagttcaatcacgaaagtggctttataccaactgaatccacgaaagctagggca"
5,"tank_000000013","species","Zebrasoma desjardinii",0.993939394,"Opisthokonta","Metazoa","Chordata","Actinopterygii","Acanthuriformes","Acanthuridae","Zebrasoma","Zebrasoma desjardinii","KU244264","[Zebrasoma desjardinii]",1146995,0,1,0,0,1,0,0,0,0,512,0,0,0,0,0,5,1,6571,0,916,5,78,0,0,0,0,526,1799,9818,4165,199,0,1192,6882,1,0,0,1,1,0,0,0,1,0,0,0,0,2,0,0,0,2,3,0,0,8178,0,0,0,0,0,0,1,0,0,282,0,1044,0,285,0,7,65,0,0,0,0,0,0,6,0,0,0,0,0,0,0,0,0,0,0,0,2,0,0,0,0,0,8,3,0,165,"1..150",7142,42563,"gcggttatacgagagacccaagttgttagacaccggcgtaaagagtggttaagtacccttacttactaaagccgaacaccttcaaagctgttatacgcacctgaagacaggaagttcaatcacgaaagtggctttataccaactgaacccacgaaagctaggata"
36,"tank_000001384","species","Zebrasoma flavescens",1,"Opisthokonta","Metazoa","Chordata","Actinopterygii","Acanthuriformes","Acanthuridae","Zebrasoma","Zebrasoma flavescens","AP006032","[Zebrasoma flavescens]",175439,0,0,1,0,0,0,0,0,0,5232,0,0,0,0,0,0,0,5,0,10040,1,850,0,0,0,0,0,2,0,3,0,13,0,5,0,0,0,0,0,1,0,0,0,0,0,1,0,0,0,0,0,0,0,0,0,1,0,0,0,0,0,0,0,0,1,354,0,1,0,65,0,0,0,0,0,1,0,0,1,0,0,0,0,0,0,0,0,0,1,0,0,0,0,0,0,0,0,0,4,8,0,165,"1..150",523,16591,"gcggttatacgagagacccaagttgttagacaccggcgtaaagagtggttaggtactattacttactaaagccgaacaccttcaaagctgttatacgcacctgaagataggaagttcaaccacgaaagtggctttatacttactgaacccacgaaagctaagaca"
42,"tank_000002653","genus","Trachurus",0.993975904,"Opisthokonta","Metazoa","Chordata","Actinopterygii","Carangiformes","Carangidae","Trachurus","","AP003091","[Trachurus japonicus| Trachurus trachurus]",36211,0,0,0,0,0,0,0,0,0,0,0,0,0,0,0,0,0,0,0,0,0,0,0,0,0,0,0,0,0,0,0,0,0,0,0,0,0,0,0,0,0,0,0,0,0,0,0,0,0,0,0,0,0,0,0,0,0,0,0,0,0,0,0,0,0,0,0,0,0,80,0,0,0,0,0,0,0,0,0,0,0,0,0,0,0,0,0,0,0,0,0,0,0,0,0,0,0,0,0,0,0,166,"1..150",36,80,"gcggttatacgagaggctcaagttgacagacaacggcgtaaagagtggttaaggaaaacatttaactaaagcggaaccccctcattgctgttatacgcttccgagggaatgaaccccaactacgaaggtggctttatattaacctgaacccacgaaagctaagaaa"
20,"tank_000000078","species","Forcipiger flavissimus",1,"Opisthokonta","Metazoa","Chordata","Actinopterygii","Chaetodontiformes","Chaetodontidae","Forcipiger","Forcipiger flavissimus","EF616881","[Forcipiger flavissimus]",109909,0,0,0,0,0,0,0,0,0,0,0,0,0,0,0,0,0,0,0,0,0,0,0,0,0,0,0,0,0,0,0,0,0,0,0,0,0,0,0,0,0,0,0,0,0,0,0,0,0,0,0,0,0,0,0,0,0,0,0,0,0,0,0,0,0,0,0,1241,0,0,0,0,0,0,0,0,0,0,0,0,0,0,0,0,0,0,0,0,0,0,0,0,0,0,0,0,0,0,0,0,0,166,"1..150",347,1241,"gcggttagacgagagactcaagttgttagacatcggcgtaaagagtggttaagatgttctaaaaaactaaagccgaacgccctcatagctgttatacgcttccgaaggtaagaagcccaactacgaaagtggctttattcaatctgaatccacgaaagctagggta"
31,"tank_000000880","species","Brevoortia tyrannus",1,"Opisthokonta","Metazoa","Chordata","Actinopterygii","Clupeiformes","Clupeidae","Brevoortia","Brevoortia tyrannus","AP009618","[Brevoortia tyrannus]",224708,0,0,0,0,0,2,0,0,0,4869,0,0,0,0,0,0,0,3,1,4,0,0,1,0,0,0,0,1,0,1,0,0,0,1,0,0,0,1841,0,290,0,0,0,0,0,0,0,55,0,0,0,0,0,0,0,0,565,3,1,0,0,0,0,0,0,0,0,0,0,2,0,0,0,0,0,2301,0,0,0,0,0,0,0,0,0,0,0,0,0,0,0,0,0,0,0,0,0,0,5,3,0,169,"1..150",1239,9949,"gcggttatacgagaggccctagttgattcactcggcgtaaagagtggttatggagaactaaatactaaagccgaagaccccttaggccgtcatacgcacctaggggttcgaattatatacacgaaagtagctttaccctttcccaccagaacccacgacagccgggaca"
30,"tank_000000701","genus","Clupea",0.994047619,"Opisthokonta","Metazoa","Chordata","Actinopterygii","Clupeiformes","Clupeidae","Clupea","","MH194498","[Clupea pallasii| Clupea harengus]",7949,0,0,0,0,0,0,0,0,0,0,0,0,0,0,0,0,0,0,0,0,0,0,0,0,0,0,0,0,0,0,0,0,0,0,0,0,0,0,0,0,0,0,0,0,0,0,0,0,0,0,0,0,0,0,0,0,0,0,0,0,0,0,0,0,0,240,0,0,0,0,0,0,0,0,0,0,0,0,0,0,0,0,0,0,0,0,0,0,0,0,0,0,0,0,0,0,0,0,0,0,0,168,"1..150",70,240,"gcggttatacgagagaccctagttgatatattcggcgtaaagagtagttatggaaaacaagcactaaagccaaagagccctcaggccgttatacgcacccggggcctcgaaccactatcacgaaagtagctttaccctcgcccaccagaacccacgagagctgggaca"
25,"tank_000000242","species","Ptereleotris zebra",0.964285714,"Opisthokonta","Metazoa","Chordata","Actinopterygii","Gobiiformes","Gobiidae","Ptereleotris","Ptereleotris zebra","AF265389","[Ptereleotris zebra]",150319,0,0,0,0,0,0,0,0,0,0,0,0,0,0,0,0,0,0,0,0,0,0,0,0,0,0,0,0,0,0,0,0,0,0,0,0,0,0,0,0,0,0,0,0,0,0,0,0,0,0,0,0,0,0,0,0,0,0,0,0,0,0,0,0,0,0,0,0,0,393,0,0,0,0,0,0,0,0,0,0,0,0,0,0,0,0,0,0,0,0,0,0,0,0,0,0,0,0,0,0,0,163,"1..150",140,393,"gcggttatacgagaggcccgagttgacacaagccggcgtaaagagtggttaataatagataacctaaggtcgaacatcttcaaggctgtcatacgcgcccgaagacaggaagatcccccacgaaagtgacctcaacaattatgagcccacgaaagctagggaa"
21,"tank_000000084","species","Halichoeres ornatissimus",0.939759036,"Opisthokonta","Metazoa","Chordata","Actinopterygii","Labriformes","Labridae","Halichoeres","Halichoeres ornatissimus","KY815295","[Halichoeres ornatissimus]",317493,0,0,0,0,0,0,0,0,0,0,0,0,0,0,0,0,0,0,0,0,0,0,0,0,0,0,0,0,0,0,0,0,0,0,0,0,0,0,1,0,0,0,0,0,0,0,0,36,0,0,0,0,0,0,0,0,0,0,0,0,0,0,0,0,0,434,0,1,0,0,0,0,0,0,0,0,0,0,0,0,0,0,0,0,0,0,0,0,0,0,0,0,0,0,0,0,0,0,0,0,0,165,"1..150",149,472,"gcggttatacgagagacccaagttgatagccctcggcgtaaagagtggttaagagacatccccaaactaaagataaacaacttcaaagctgttatacgcacatgaatatatgaaaatcaactacgaaagtgactttaaacccctgaccccacgaaagctatgaca"
3,"tank_000000008","species","Scarus quoyi",1,"Opisthokonta","Metazoa","Chordata","Actinopterygii","Labriformes","Labridae","Scarus","Scarus quoyi","EU601210","[Scarus quoyi]",247626,0,0,0,0,0,0,0,0,0,0,0,0,0,0,0,0,0,0,0,0,2,0,0,0,0,0,0,0,1,0,0,0,0,0,0,0,0,0,0,0,0,0,0,0,0,0,0,0,0,0,0,0,0,0,0,0,0,0,0,0,0,0,0,0,0,3940,0,1145,0,233,0,0,0,0,0,0,0,0,0,0,0,0,0,0,0,0,0,0,0,0,0,0,0,0,0,1,0,0,0,0,0,168,"1..150",987,5322,"gcggttatacgaaaggcccaagttgaaaaacattcggcgtaaagggtggctaaggacctacttcaaactagagctgaatttcttcaaagctgttatacgctcatgaaaaccagaaaatcaaccacgaaagtggctctaatcacacctgacaccacgaaagctatgaca"
33,"tank_000001101","species","Mallotus villosus",0.993902439,"Opisthokonta","Metazoa","Chordata","Actinopterygii","Osmeriformes","Salangidae","Mallotus","Mallotus villosus","HM106491","[Mallotus villosus]",30960,0,0,0,0,0,1,0,0,2,0,0,0,0,0,0,0,0,0,0,0,0,0,0,0,0,0,0,8709,0,2,0,0,384,1,0,0,0,1,0,0,0,0,0,0,0,0,0,0,0,0,2,0,0,0,0,0,0,0,0,0,0,0,0,0,0,0,0,0,0,183,0,0,0,0,0,0,0,0,0,0,0,0,0,0,0,0,0,0,0,0,0,0,4,0,0,0,0,0,3,4,0,164,"1..150",1008,9296,"gcggttatacgagtggcccaagttgaaagttaccggcgtaaagagtggttagggaaaaaataaactaaagtcgaacaccccctaggctgttatacgcttctgggggaacgaagccccactacgaaggtggctttaatacacctgaacccacgacaactaagata"
22,"tank_000000095","genus","Amphiprion",1,"Opisthokonta","Metazoa","Chordata","Actinopterygii","Perciformes","Pomacentridae","Amphiprion","","FJ616309","[]",80969,0,0,0,0,0,0,0,0,0,0,0,0,0,0,0,0,0,0,0,0,1,0,0,0,0,0,0,0,0,0,0,0,0,0,0,0,0,0,0,0,0,0,0,0,0,0,0,0,0,0,0,0,0,0,0,0,0,0,0,0,0,0,0,0,0,0,0,847,0,0,0,0,0,0,0,0,0,0,0,0,0,0,0,0,0,0,0,0,0,0,0,0,0,0,0,0,0,0,0,0,0,164,"1..150",234,848,"gcggttatacgagaggcccaagttgacagactacggcgtaaagagtggttagggaaacttttagactaaagccgaacgtcctcaaagctgtttaacgcttccgagttaagaagatccattacgaaagtagctttacccaacctgaccccacgaaagctgtgaaa"
13,"tank_000000028","genus","Amphiprion",1,"Opisthokonta","Metazoa","Chordata","Actinopterygii","Perciformes","Pomacentridae","Amphiprion","","AB979697","[]",80969,0,3,1,0,1,0,0,1,5,2,0,0,0,0,1,1,0,1180,1342,5,13463,2175,6605,5230,0,1,711,5176,10020,12787,502,7102,118,9966,8,1,26,1,2219,2916,0,2,1,1028,3,1886,797,1917,2,138,0,3718,1,0,0,3731,1129,4034,1,0,0,1,0,4,0,2,0,5,0,1,5,0,199,0,0,3531,2,1,0,18,1,0,0,0,0,0,0,0,1,1,0,0,9,1,0,0,0,0,15,10,0,163,"1..150",10051,103764,"gcggttatacgagaggctcaagttgacagacaacggcgtaaagagtggttagggaaattttaaactaaagccaaacgtcctcaaagctgtttaacgctcccgagttaagaagatccattacgaaagtagctttacccatcctgaccccacgaaagctgtgaca"
2,"tank_000000006","genus","Chromis",0.987878788,"Opisthokonta","Metazoa","Chordata","Actinopterygii","Perciformes","Pomacentridae","Chromis","","FJ616316","[]",80974,0,0,0,0,0,0,0,0,0,0,0,0,0,0,0,0,0,0,201,1410,2688,1,0,0,0,0,0,0,1,0,0,3,0,0,0,0,0,834,0,0,0,0,0,0,0,0,0,0,0,0,0,1,0,0,0,0,0,1,0,0,0,0,0,0,0,0,0,0,0,1,0,0,0,0,0,0,0,0,1,0,0,0,0,0,0,0,23,0,0,0,0,0,0,0,0,0,0,0,2,0,0,165,"1..150",115,5167,"gcggttatacgagaggctcaagttgacagacaacggcgtaaagagtggttaaggagaccttaaaactaaagccgaacgccctcagaactgttatacgtttccgaaggtatgaagtcccactacgaaagtggctttactccccctgactccacgaaagctgtgaaa"
24,"tank_000000158","species","Chromis viridis",0.993939394,"Opisthokonta","Metazoa","Chordata","Actinopterygii","Perciformes","Pomacentridae","Chromis","Chromis viridis","FJ616325","[Chromis viridis]",80977,0,0,0,0,0,0,0,0,0,1,0,0,0,1,0,0,0,261,24,170,499,1485,6,23,0,0,14,40,222,2,0,1417,96,0,0,0,3,584,994,0,8,0,0,0,2,10,5,173,1,0,0,1294,0,0,0,0,0,0,0,0,0,0,3,0,0,0,0,0,0,0,0,0,0,0,0,0,0,0,1357,0,0,0,0,0,0,0,7,0,0,0,0,0,0,0,0,0,0,0,0,0,0,165,"1..150",1941,8702,"gcggttatacgagaggctcaagttgacagtcaacggcgtaaagagtggttaaggaaacctaaaaactaaagccgaacgccctcagaactgttatacgtttccgaaggtatgaagccccactacgaaagtgactttactccccctgaccccacgaaagctgtgaaa"
38,"tank_000001747","genus","Chrysiptera",0.981707317,"Opisthokonta","Metazoa","Chordata","Actinopterygii","Perciformes","Pomacentridae","Chrysiptera","","FJ616331","[Chrysiptera oxycephala| Chrysiptera springeri]",80978,0,0,0,0,0,0,0,0,0,0,0,0,0,0,0,0,0,0,0,0,0,0,0,0,0,0,0,0,0,0,0,0,0,0,0,0,0,0,0,0,0,0,0,0,0,0,0,0,0,0,0,0,0,0,0,0,0,0,0,0,0,0,0,0,0,0,0,362,0,198,0,0,0,0,0,0,0,0,0,0,0,0,0,0,0,0,0,0,0,0,0,0,0,0,0,0,0,0,0,0,0,164,"1..150",184,560,"gcggttatacgagaggctcaagttaacagaaaacggcgtaaggagtggttagggaaatctttaaactaaagccgaacgtcctcaaagctgtcgaacgcttccgagttaagaagccccactacgaaagtagctttaccttacctgaccccacgaaagctgtgaaa"
17,"tank_000000045","species","Pseudanthias squamipinnis",0.987654321,"Opisthokonta","Metazoa","Chordata","Actinopterygii","Perciformes","Serranidae","Pseudanthias","Pseudanthias squamipinnis","AP006795","[Pseudanthias squamipinnis]",270578,0,0,0,0,0,0,0,0,0,0,0,0,0,0,0,0,0,0,0,0,1,0,0,0,0,0,0,0,1,0,0,2,0,0,0,0,0,0,1,0,1,0,0,0,0,0,0,0,0,0,0,0,1,0,0,0,0,0,0,0,0,0,0,0,0,2035,0,6450,0,5590,0,0,0,0,0,0,0,0,0,0,0,0,0,0,0,0,0,0,0,0,0,0,0,0,0,0,0,0,0,0,0,162,"1..150",2616,14082,"gcggttatacgaggagcccaagttgatagcctccggcgtaaagcgtggttaagatagaattaaagtaaagcagaacgcaaactaagctgttatacgcatttgaaagtagaagcccaattacgaaagtagctttatacaactgaccccacgaaagccagggca"
29,"tank_000000556","species","Pangasianodon hypophthalmus",1,"Opisthokonta","Metazoa","Chordata","Actinopterygii","Siluriformes","Pangasiidae","Pangasianodon","Pangasianodon hypophthalmus","KC846907","[Pangasianodon hypophthalmus]",310915,0,1,2,0,2,0,0,2,3,6,0,0,1,0,0,0,0,0,3,8,0,9,4,0,0,0,3,5,0,11,0,0,0,12,0,0,16,4,0,6,0,0,1,5,0,2,3,0,5,0,1,6,0,0,0,10,0,0,1,2,0,0,8,0,2,0,1,0,0,0,0,0,1,0,0,7,0,0,14,1,1,0,3,0,0,3,2,0,1,5,0,0,0,5,0,0,80,11,88779,102260,362,169,"1..150",18878,191680,"gcggttatacgaaagaccccagttgataactacggcgtaaagggtggttaagggatataaaaataaagctaaagactctctaagccgtcatacgcactccgagagcacgaaaccctgacacgaaagtagctttaaacaaacttcacctgaccccacgaaagctaagaaa"
11,"tank_000000021","species","Hippocampus kuda",0.99382716,"Opisthokonta","Metazoa","Chordata","Actinopterygii","Syngnathiformes","Syngnathidae","Hippocampus","Hippocampus kuda","AP005985","[Hippocampus kuda]",103715,0,0,0,0,0,0,0,0,0,0,0,0,0,0,0,0,0,0,0,0,0,0,0,1643,0,0,0,0,0,0,0,0,0,1,0,0,1,1,0,0,0,0,0,0,0,1,0,35,1,0,0,4884,0,0,0,0,0,0,0,1,0,0,0,0,0,0,0,0,0,0,0,0,0,0,0,0,0,0,1,0,0,0,0,0,0,0,0,0,0,0,0,0,0,0,0,0,0,0,2,0,0,162,"1..150",992,6571,"gcggttatacgagaggctcaagataatagaagtcggcgtaaagagtggttaagtataaaataactaaagttaaacatcttccaagctgttatacgcacccgaaggtatgagattcatttacgaaagtgactttacaaaactgaacccacgaaagctatgaaa"
6,"tank_000000014","species","Odonus niger",1,"Opisthokonta","Metazoa","Chordata","Actinopterygii","Tetraodontiformes","Balistidae","Odonus","Odonus niger","AP009208","[Odonus niger]",392902,0,0,0,0,0,0,0,0,0,0,0,415,0,0,0,0,0,0,0,0,0,0,0,0,0,0,0,0,0,0,0,0,0,0,0,0,0,0,0,0,0,0,0,0,0,0,0,0,0,0,0,0,0,0,0,0,0,0,0,0,0,0,0,0,0,0,0,0,0,0,0,0,0,0,0,0,0,0,0,0,0,0,0,0,0,0,0,0,0,0,0,0,0,0,0,0,0,0,0,0,0,166,"1..150",98,415,"gcggttatacgagaggcccaagctgacagacaccggcgtaaagagtggttaggaaaacacgataaattagagccgaacgctcccaaagctgtcatacgcacccgagagtaagaagtacaacaacgaaagtagctctattaattctgaacccacgaaagctaaggca"
79,"tank_000020677","subfamily","Phasianinae",1,"Opisthokonta","Metazoa","Chordata","Aves","Galliformes","Phasianidae","","","AB086102","[]",9072,4,1,3468,0,0,0,0,0,0,0,0,0,0,0,0,0,0,0,0,0,0,0,0,0,0,0,0,47,0,0,0,0,0,0,0,0,0,0,0,0,0,0,0,1805,0,0,0,0,0,0,0,0,0,0,0,0,0,0,1,0,0,0,0,0,0,0,0,0,0,0,0,0,0,0,0,0,0,0,0,0,0,0,0,0,0,0,0,0,0,0,0,0,0,0,0,0,0,0,0,0,0,176,"1..150",832,5326,"gcggtcatacaagaaacccaaatcaatagctacccggcgtaaagagtggccacatgttatctgcaccagctaagattaaaatgcaaccaagctgtcataagcctaagatccacctaaacccaacccaaatccatcttagcctcaacgattaattttaacccacgaaagctaggacc"
1,"tank_000000005","species","Homo sapiens",1,"Opisthokonta","Metazoa","Chordata","Mammalia","Primates","Hominidae","Homo","Homo sapiens","AB196722","[Homo sapiens]",96060,0,3,2,0,0,1,0,0,1,5514,0,0,0,426,0,5,0,442,0,4,1,1,2,2,2,0,107,992,4375,5692,0,0,1639,4427,0,0,6,2649,9495,1,0,0,8476,9591,0,730,2515,980,3,0,1,863,1242,68,0,2308,2,4,0,0,0,0,25326,7492,7372,0,0,6,0,125,586,0,77,640,4,192,0,104,10350,6,2338,792,218,4806,1095,1,2,1,3,5023,0,1479,1970,10294,572,0,0,0,18,19,0,167,"1..150",15148,239543,"gcggtcacacgattaacccaagtcaatagaagccggcgtaaagagtgttttagatcaccccctccccaataaagctaaaactcacctgagttgtaaaaaactccagttgacacaaaatagactacgaaagtggctttaacatatctgaacacacaatagctaagacc"
18,"tank_000000049","species","Astropecten armatus",0.710227273,"Opisthokonta","Metazoa","Echinodermata","Asteroidea","Paxillosida","Astropectinidae","Astropecten","Astropecten armatus","FJ171785","[Astropecten armatus]",1127236,0,0,0,0,0,0,0,0,0,0,0,0,0,0,0,0,0,0,0,1,0,0,0,0,0,0,0,0,1,0,0,2186,0,0,0,0,0,0,0,0,0,0,0,0,0,0,0,0,0,0,0,0,0,0,0,0,0,0,0,0,0,0,0,0,0,0,0,0,0,0,0,0,0,0,0,0,0,0,0,131,0,0,0,0,0,0,0,0,0,0,0,0,0,0,0,0,0,0,0,0,0,154,"1..150",430,1129555,"gcggttatacataaggtcacagttaagaataaacggtacaaagacaactaaaaccatttggggataaaaataactctagcagtaacaagcttacagaacactaaaaacaacaccaaccccaatcatacactaaccagttaccaaagctcaaaaa"
