id,rank,scientific_name,best_identity,superkingdom_name,kingdom_name,phylum_name,class_name,order_name,family_name,genus_name,species_name,best_match,species_list,taxid,D1.SW.BLANK,D1.TANKA.SPONGE.CREAM,D1.TANKA.SPONGE.PINK,D1.TANKA.WATER,D1.TANKB.SPONGE.CREAM,D1.TANKB.SPONGE.PINK,D1.TANKC.SPONGE.BLACK,D1.TANKC.SPONGE.CREAM,D1.TANKC.SPONGE.PINK,D2.FILT.BLANK,D2.SPONGE.CONTROL,D2.SW.BLANK,D2.TANKA.FISH.SPONGE.CREAM,D2.TANKA.FISH.WATER,D2.TANKB.FISH.SPONGE.CREAM,D2.TANKB.FISH.SPONGE.PINK,D2.TANKB.FISH.WATER,D2.TANKC.FISH.SPONGE.CREAM,D2.TANKC.FISH.SPONGE.PINK,D2.TANKC.FISH.WATER,D3.SW.BLANK,D3.TANKA.00H.SPONGE.CREAM,D3.TANKA.00H.SPONGE.PINK,D3.TANKA.00H.WATER,D3.TANKA.04H.SPONGE.CREAM,D3.TANKA.04H.SPONGE.PINK,D3.TANKA.04H.WATER,D3.TANKA.08H.SPONGE.CREAM,D3.TANKA.08H.SPONGE.PINK,D3.TANKA.08H.WATER,D3.TANKB.00H.SPONGE.BLACK,D3.TANKB.00H.SPONGE.CREAM,D3.TANKB.00H.SPONGE.PINK,D3.TANKB.00H.WATER,D3.TANKB.04H.SPONGE.CREAM,D3.TANKB.04H.SPONGE.PINK,D3.TANKB.04H.WATER,D3.TANKB.08H.SPONGE.CREAM,D3.TANKB.08H.SPONGE.PINK,D3.TANKB.08H.WATER,D3.TANKC.00H.SPONGE.CREAM,D3.TANKC.00H.SPONGE.PINK,D3.TANKC.00H.WATER,D3.TANKC.04H.SPONGE.CREAM,D3.TANKC.04H.WATER,D3.TANKC.08H.SPONGE.CREAM,D3.TANKC.08H.SPONGE.PINK,D4.FILT.BLANK,D4.SPONGE.CONTROL,D4.TANKA.24H.SPONGE.CREAM,D4.TANKA.24H.SPONGE.PINK,D4.TANKA.24H.WATER,D4.TANKB.24H.SPONGE.CREAM,D4.TANKB.24H.SPONGE.PINK,D4.TANKB.24H.WATER,D4.TANKC.24H.SPONGE.CREAM,D4.TANKC.24H.SPONGE.PINK,D5.FILT.BLANK,D5.SW.BLANK,D5.TANKA.48H.SPONGE.CREAM,D5.TANKA.48H.SPONGE.PINK,D5.TANKA.48H.WATER,D5.TANKB.48H.SPONGE.CREAM,D5.TANKB.48H.SPONGE.PINK,D5.TANKB.48H.WATER,D5.TANKC.48H.SPONGE.CREAM,D5.TANKC.48H.SPONGE.PINK,D5.TANKC.48H.WATER,D6.SPONGE.CONTROL,D6.SW.BLANK,D6.TANKA.72H.SPONGE.CREAM,D6.TANKA.72H.SPONGE.PINK,D6.TANKA.72H.WATER,D6.TANKB.72H.SPONGE.CREAM,D6.TANKB.72H.SPONGE.PINK,D6.TANKB.72H.WATER,D6.TANKC.72H.SPONGE.CREAM,D6.TANKC.72H.SPONGE.PINK,D6.TANKC.72H.WATER,EXT.BLANK.20201105,EXT.BLANK.20201106,EXT.BLANK.20210607,EXT.BLANK.20210608,EXT.BLANK.20210609,LIB01.PCR.Neg.02,LIB01.PCR.Pos.02,LIB02.PCR.Pos.01,LIB02.PCR.Pos.02,LIB02.PCR.Pos.03,seq_length,subsequence,cluster_weight,total_reads,sequence
tank_000000004,species,Homo sapiens,1,Opisthokonta,Metazoa,Chordata,Mammalia,Primates,Hominidae,Homo,Homo sapiens,AB196722,[Homo sapiens],9606,0,3,1,0,0,1,0,1,4835,0,0,277,5,277,0,4,1,1,2,2,0,98,905,3687,4989,0,0,1494,3770,0,0,4,2326,8225,1,0,0,7699,7132,0,430,2097,850,2,0,1,746,1043,61,2008,2,3,0,0,0,0,20193,5691,510,0,66,552,4,167,0,78,8144,5,1762,687,196,4212,981,1,2,1,2,4225,0,1169,1691,8437,351,0,0,0,13,14,0,167,1..145,356,112137,gcggtcacacgattaacccaagtcaatagaagccggcgtaaagagtgttttagatcaccccctccccaataaagctaaaactcacctgagttgtaaaaaactccagttgacacaaaatagactacgaaagtggctttaacatatctgaacacacaatagctaagacc
tank_000000009,species,Odonus niger,1,Opisthokonta,Metazoa,Chordata,Actinopterygii,Tetraodontiformes,Balistidae,Odonus,Odonus niger,AP009208,[Odonus niger],392902,0,0,0,0,0,0,0,0,0,265,0,0,0,0,0,0,0,0,0,0,0,0,0,0,0,0,0,0,0,0,0,0,0,0,0,0,0,0,0,0,0,0,0,0,0,0,0,0,0,0,0,0,0,0,0,0,0,0,0,0,0,0,0,0,0,0,0,0,0,0,0,0,0,0,0,0,0,0,0,0,0,0,0,0,0,0,0,0,0,166,1..145,1,265,gcggttatacgagaggcccaagctgacagacaccggcgtaaagagtggttaggaaaacacgataaattagagccgaacgctcccaaagctgtcatacgcacccgagagtaagaagtacaacaacgaaagtagctctattaattctgaacccacgaaagctaaggca
tank_000000015,genus,Amphiprion,1,Opisthokonta,Metazoa,Chordata,Actinopterygii,Perciformes,Pomacentridae,Amphiprion,Amphiprion ocellaris ,AB979697,[],80969,0,2,1,0,0,0,1,3,1,0,0,0,1,1032,1198,3,11711,1869,5868,4536,1,643,4706,8472,11642,462,5998,99,8357,7,1,19,1,1954,2630,0,2,1,901,3,1652,714,1681,2,116,0,3130,1,0,3248,980,3527,1,0,0,1,0,3,3,0,175,0,0,3094,2,1,0,16,1,0,0,0,0,0,0,0,1,1,0,0,8,1,0,0,0,0,6,7,0,163,1..145,345,90497,gcggttatacgagaggctcaagttgacagacaacggcgtaaagagtggttagggaaattttaaactaaagccaaacgtcctcaaagctgtttaacgctcccgagttaagaagatccattacgaaagtagctttacccatcctgaccccacgaaagctgtgaca
tank_000000183,species,Pangasianodon hypophthalmus,1,Opisthokonta,Metazoa,Chordata,Actinopterygii,Siluriformes,Pangasiidae,Pangasianodon,Pangasianodon hypophthalmus,KC846907,[Pangasianodon hypophthalmus],310915,0,0,2,0,2,0,2,3,4,0,1,0,0,0,2,7,0,9,3,0,0,3,5,0,6,0,0,0,10,0,0,11,3,0,3,0,0,1,5,0,2,3,0,5,0,1,6,0,0,6,0,0,1,2,0,0,5,0,0,0,1,0,0,6,0,0,12,1,1,0,3,0,0,2,2,0,1,5,0,0,0,5,0,0,66,11,76970,89626,335,169,1..145,483,167160,gcggttatacgaaagaccccagttgataactacggcgtaaagggtggttaagggatataaaaataaagctaaagactctctaagccgtcatacgcactccgagagcacgaaaccctgacacgaaagtagctttaaacaaacttcacctgaccccacgaaagctaagaaa
tank_000000279,species,Brevoortia tyrannus,1,Opisthokonta,Metazoa,Chordata,Actinopterygii,Clupeiformes,Clupeidae,Brevoortia,Brevoortia tyrannus,AP009618,[Brevoortia tyrannus],224708,0,0,0,0,0,0,0,0,3973,0,0,0,0,3,1,4,0,0,1,0,0,0,0,0,1,0,0,0,1,0,0,0,1513,0,253,0,0,0,0,0,0,0,46,0,0,0,0,0,0,0,466,1,1,0,0,0,0,0,0,0,0,0,0,1943,0,0,0,0,0,0,0,0,0,0,0,0,0,0,0,0,0,0,0,0,0,0,2,3,0,169,1..145,96,8212,gcggttatacgagaggccctagttgattcactcggcgtaaagagtggttatggagaactaaatactaaagccgaagaccccttaggccgtcatacgcacctaggggttcgaattatatacacgaaagtagctttaccctttcccaccagaacccacgacagccgggaca
tank_000000388,species,Zebrasoma flavescens,1,Opisthokonta,Metazoa,Chordata,Actinopterygii,Acanthuriformes,Acanthuridae,Zebrasoma,Zebrasoma veliferum,AP006032,[Zebrasoma flavescens],175439,0,0,1,0,0,0,0,0,4862,0,0,0,0,5,0,9403,1,798,0,0,0,0,0,0,3,0,12,0,4,0,0,0,0,0,1,0,0,0,0,0,1,0,0,0,0,0,0,0,0,1,0,0,0,0,0,0,0,0,0,0,0,0,0,1,0,0,0,0,0,0,0,0,0,0,0,0,1,0,0,0,0,0,0,0,0,0,3,7,0,165,1..145,138,15104,gcggttatacgagagacccaagttgttagacaccggcgtaaagagtggttaggtactattacttactaaagccgaacaccttcaaagctgttatacgcacctgaagataggaagttcaaccacgaaagtggctttatacttactgaacccacgaaagctaagaca
tank_000001408,genus,Siganus,1,Correct_manually,Correct_manually,Correct_manually,Correct_manually,Correct_manually,Siganidae,Siganus,,AP006031,[],75041,0,0,0,0,0,0,0,0,0,0,0,0,0,0,0,0,0,0,0,0,0,0,0,1,0,0,0,414,0,0,0,0,0,0,0,0,0,0,0,0,0,0,0,0,0,0,0,0,0,0,0,0,0,0,0,0,0,0,0,0,0,0,0,0,0,0,0,0,0,0,0,0,0,0,0,0,0,0,1,0,0,0,0,3,0,0,0,0,0,166,1..145,2,419,gcggttatacgagagacccaagttgatagacagcggcgtaaagcgtggttaagaacaaaacctaaactaaagccgaacactctcaaagctgttatacgcactcgagagtatgaagtccaatcacgaaagtggctttacttattctgaacccacgaaagctagggca
tank_000001437,subfamily,Phasianinae,1,Opisthokonta,Metazoa,Chordata,Aves,Galliformes,Phasianidae,,,AB086102,[],9072,3,0,2647,0,0,0,0,0,0,0,0,0,0,0,0,0,0,0,0,0,0,0,39,0,0,0,0,0,0,0,0,0,0,0,0,0,0,0,1276,0,0,0,0,0,0,0,0,0,0,0,0,0,0,0,0,0,0,0,0,0,0,0,0,0,0,0,0,0,0,0,0,0,0,0,0,0,0,0,0,0,0,0,0,0,0,0,0,0,0,176,1..145,46,3965,gcggtcatacaagaaacccaaatcaatagctacccggcgtaaagagtggccacatgttatctgcaccagctaagattaaaatgcaaccaagctgtcataagcctaagatccacctaaacccaacccaaatccatcttagcctcaacgattaattttaacccacgaaagctaggacc
tank_000000008,species,Zebrasoma desjardinii,0.993939394,Opisthokonta,Metazoa,Chordata,Actinopterygii,Acanthuriformes,Acanthuridae,Zebrasoma,Zebrasoma veliferum,KU244264,[Zebrasoma desjardinii],1146995,0,1,0,0,1,0,0,0,0,0,0,0,3,5663,0,5,4,1,0,0,0,444,1621,8477,3650,182,0,1085,5912,1,0,0,0,0,0,0,0,0,0,0,0,0,0,0,0,0,2,3,0,7286,0,0,0,0,0,0,0,0,0,7,57,0,0,0,0,0,0,3,0,0,0,0,0,0,0,0,0,0,0,0,2,0,0,0,0,0,6,3,0,165,1..145,224,34419,gcggttatacgagagacccaagttgttagacaccggcgtaaagagtggttaagtacccttacttactaaagccgaacaccttcaaagctgttatacgcacctgaagacaggaagttcaatcacgaaagtggctttataccaactgaacccacgaaagctaggata
tank_000000068,species,Chromis viridis,0.993939394,Opisthokonta,Metazoa,Chordata,Actinopterygii,Perciformes,Pomacentridae,Chromis,Chromis viridis ,FJ616325,[Chromis viridis],80977,0,0,0,0,0,0,0,0,1,0,0,1,0,202,0,0,5,1093,5,19,0,10,33,184,0,0,1171,77,0,0,0,2,328,768,0,7,0,0,0,0,6,5,113,0,0,0,958,0,0,0,0,0,0,0,0,0,2,0,0,0,0,0,0,0,0,0,899,0,0,0,0,0,0,0,0,0,0,0,0,0,0,0,0,0,0,0,0,0,0,165,1..145,76,5889,gcggttatacgagaggctcaagttgacagtcaacggcgtaaagagtggttaaggaaacctaaaaactaaagccgaacgccctcagaactgttatacgtttccgaaggtatgaagccccactacgaaagtgactttactccccctgaccccacgaaagctgtgaaa
tank_000001339,species,Mallotus villosus,0.993902439,Opisthokonta,Metazoa,Chordata,Actinopterygii,Osmeriformes,Salangidae,Mallotus,Mallotus villosus,HM106491,[Mallotus villosus],30960,0,0,0,0,0,0,0,2,0,0,0,0,0,0,0,0,0,0,0,0,0,0,7251,0,1,0,0,333,1,0,0,0,0,0,0,0,0,0,0,0,0,0,0,0,0,2,0,0,0,0,0,0,0,0,0,0,0,0,0,0,0,0,0,0,0,0,0,0,0,0,0,0,0,0,0,0,0,0,0,0,4,0,0,0,0,0,3,4,0,164,1..145,80,7601,gcggttatacgagtggcccaagttgaaagttaccggcgtaaagagtggttagggaaaaaataaactaaagtcgaacaccccctaggctgttatacgcttctgggggaacgaagccccactacgaaggtggctttaatacacctgaacccacgacaactaagata
tank_000000011,species,Hippocampus kuda,0.99382716,Opisthokonta,Metazoa,Chordata,Actinopterygii,Syngnathiformes,Syngnathidae,Hippocampus,Hippocampus semispinosis ,AP005985,[Hippocampus kuda],103715,0,0,0,0,0,0,0,0,0,0,0,0,0,0,0,0,0,0,0,1338,0,0,0,0,0,0,0,0,0,0,0,1,0,0,0,0,0,0,0,0,1,0,26,1,0,0,3780,0,0,0,0,0,0,1,0,0,0,0,0,0,0,0,0,0,0,0,1,0,0,0,0,0,0,0,0,0,0,0,0,0,0,0,0,0,0,0,2,0,0,162,1..145,83,5151,gcggttatacgagaggctcaagataatagaagtcggcgtaaagagtggttaagtataaaataactaaagttaaacatcttccaagctgttatacgcacccgaaggtatgagattcatttacgaaagtgactttacaaaactgaacccacgaaagctatgaaa
tank_000000005,genus,Chromis,0.987878788,Opisthokonta,Metazoa,Chordata,Actinopterygii,Perciformes,Pomacentridae,Chromis,Chromis viridis ,FJ616316,[],80974,0,0,0,0,0,0,0,0,0,0,0,0,0,0,187,1333,2485,1,0,0,0,0,0,1,0,0,3,0,0,0,0,0,771,0,0,0,0,0,0,0,0,0,0,0,0,0,1,0,0,0,0,1,0,0,0,0,0,0,0,0,0,0,0,0,0,0,1,0,0,0,0,0,0,0,21,0,0,0,0,0,0,0,0,0,0,0,0,0,0,165,1..145,59,4805,gcggttatacgagaggctcaagttgacagacaacggcgtaaagagtggttaaggagaccttaaaactaaagccgaacgccctcagaactgttatacgtttccgaaggtatgaagtcccactacgaaagtggctttactccccctgactccacgaaagctgtgaaa
tank_000000551,genus,Halichoeres,0.939759036,Opisthokonta,Metazoa,Chordata,Actinopterygii,Labriformes,Labridae,Halichoeres,,KY815295,,317493,0,0,0,0,0,0,0,0,0,0,0,0,0,0,0,0,0,0,0,0,0,0,0,0,0,0,0,0,0,0,0,0,0,1,0,0,0,0,0,0,0,0,21,0,0,0,0,0,0,0,0,0,0,0,0,0,0,0,0,0,0,0,0,0,0,0,0,0,0,0,0,0,0,0,0,0,0,0,0,0,0,0,0,0,0,0,0,0,0,165,1..145,1,22,gcggttatacgagagacccaagttgatagccctcggcgtaaagagtggttaagagacatccccaaactaaagataaacaacttcaaagctgttatacgcacatgaatatatgaaaatcaactacgaaagtgactttaaacccctgaccccacgaaagctatgaca
tank_000000780,genus,Pomadasys,0.916167665,Correct_manually,Correct_manually,Correct_manually,Correct_manually,Lutjaniformes,Haemulidae,Pomadasys,,MG748713,[Pomadasys kaakan],360508,4,0,5313,0,0,0,0,0,0,0,0,0,0,0,0,0,0,11817,0,0,0,0,1,0,1,0,0,146,1,0,0,0,0,0,0,0,0,0,0,12,0,0,0,0,0,1,735,0,0,30,0,0,0,1,0,0,0,0,0,0,1,0,0,1,0,0,0,0,0,0,0,326,0,0,0,0,0,0,0,0,0,0,0,0,0,0,3,4,0,163,1..145,160,18397,gcggttatatgagaggcccaagctgatagtcaccggcgtaaagagtggttaagattaaattgaatactaaagccgaaagccctcacagctgttatacgcactcgagggtaagaagcccaactacgaaagtggctttacatctgaacccatgaaagctagggca
tank_000000017,species,Gramma loreto,1,Opisthokonta,Metazoa,Chordata,Actinopterygii,Correct_manually,Grammatidae,Gramma,Gramma loreto,AP002943,[],1489872,0,0,0,0,0,0,0,4,0,0,0,0,0,0,0,0,12313,0,1,1,0,0,0,0,1,0,0,0,0,0,0,9298,0,7807,2424,0,0,1055,0,0,0,0,0,1,0,0,0,0,0,0,0,1,0,0,11,0,0,0,0,0,0,1,0,0,0,0,0,0,0,0,0,0,0,0,0,0,0,0,0,0,0,0,0,0,0,0,2,2,0,166,1..145,212,32922,gcggttatacgagagacccaagttgacagatattcggcgtaaagggtggttaagattttacttaaactaaagtcgaacgccttcaagtctgtggtacgttactcgaaggcaagaagccccactacgaaagtgactttatttatctgaccccacgaaagctaggaca
tank_000000021,family,Astropectinidae,0.703910615,Opisthokonta,Metazoa,Echinodermata,Asteroidea,Paxillosida,Astropectinidae,,,FJ171785,[Astropecten armatus],563618,0,0,0,0,0,0,0,0,0,0,0,0,0,0,0,0,0,0,0,0,0,0,0,1,0,0,1443,0,0,0,0,0,0,0,0,0,0,0,0,0,0,0,0,0,0,0,0,0,0,0,0,0,0,0,0,0,0,0,0,0,0,0,0,0,0,0,0,61,0,0,0,0,0,0,0,0,0,0,0,0,0,0,0,0,0,0,0,0,0,154,1..145,10,1505,gcggttatacataaggtcacagttaagaataaacggtacaaagacaactaaaaccatttggggataaaaataactctagcagtaacaagcttacagaacactaaaaacaacaccaaccccaatcatacactaaccagttaccaaagctcaaaaa
tank_000001542,clade,Deuterostomia,0.585,Opisthokonta,Metazoa,,,,,,,KU721838,[],33511,0,0,0,0,0,0,0,0,244,0,0,0,0,0,0,236,0,0,9,0,0,0,0,0,0,0,0,0,185,0,0,0,2,0,0,0,0,0,15,0,0,4,0,0,0,0,401,0,0,0,14,0,0,25,0,0,0,0,0,0,0,0,0,17,0,0,58,0,0,0,0,7,0,0,96,0,0,127,0,0,0,0,0,0,0,0,0,0,0,171,1..145,6,1440,ccctttgatataattttggatcagcccctgtatatacacacgcagctagtgggctccaatacaatttatgaccatctataaagctgtcatttccacacatagaatgaaggcatgcaccttaataaatttgcgagtgataaagctgcagagctaaccctgcatggtgtcatg
tank_000001748,clade,Deuterostomia,0.576530612,Opisthokonta,Metazoa,,,,,,,MK294164,[],33511,0,0,0,0,0,0,0,0,0,0,0,0,0,0,0,0,0,0,0,0,0,0,0,0,0,0,0,0,0,0,0,0,0,0,0,0,0,0,0,0,0,0,0,0,0,0,0,0,0,0,0,0,0,0,0,14,0,0,0,0,0,0,0,0,0,0,0,0,0,0,0,0,0,0,0,0,0,0,0,0,0,0,0,0,0,0,0,0,0,155,1..145,1,14,gccgcgcaccaggcccaagtagacgcgtcccggcgccaagtccgccagcaatgccgtgcccgcggcgatatccagcgggtgcatgcgcgaagggggaatgccggaaggaccgatgcgcgccttcgagatatgcggcgccatgagcaggagcggac
tank_000001066,clade,Bilateria,0.575,Opisthokonta,Metazoa,,,,,,,AB435257,[],33213,0,83,0,0,0,0,0,146,0,0,0,0,285,0,0,0,1,173,0,0,0,0,0,0,13,0,0,41,0,0,0,0,0,0,0,0,0,0,0,1,759,0,0,122,0,40,0,0,0,1,0,0,0,0,0,105,0,0,0,0,0,0,0,0,0,20,0,0,0,0,2,0,0,0,0,0,0,0,0,0,0,0,0,0,0,0,0,0,0,171,1..145,13,1792,atcaaggtttgaagcactgcttatacagatgctagtctcatggtcagagtatgaaaccatgctattttttttaattagcaatcacagagctttcagctggtatataatatgctagctccgttttcagcaatagtattctaaacgatgccaaaccttcaaggcccacacctc
tank_000001002,clade,Bilateria,0.570707071,Opisthokonta,Metazoa,,,,,,,AY326025,[],33213,0,223,0,0,3825,0,1,3089,0,3,0,0,240,0,1091,0,3,1468,0,0,0,312,0,0,838,0,0,139,0,0,0,13,0,0,2958,0,1,1285,0,2,3317,0,0,646,0,141,0,0,0,2605,0,0,1964,0,0,129,0,0,3,0,0,0,1,1,0,82,1,3,0,0,51,0,0,237,0,0,11,0,0,0,0,0,0,0,0,0,0,3,0,163,1..145,247,24686,atcaaggtttgaagcagtgcttatacagatactagtctcatggtcagagtatgaaaccatgctattttagcaatcacagagctttcagctggtacataatatgctagctccgttttcagcaatagtattctaaacgatgccaaaccttcaaggcccacacctc
tank_000000016,clade,Bilateria,0.56937799,Opisthokonta,Metazoa,,,,,,,DQ674565,[],33213,0,0,0,0,0,0,0,0,0,0,0,0,0,0,0,0,0,0,0,0,0,0,0,0,0,0,0,0,0,484,0,0,0,0,0,0,0,0,0,0,0,0,0,0,0,0,0,0,0,0,0,0,0,0,0,0,0,0,0,0,0,0,0,0,0,0,0,0,0,0,0,0,0,0,0,1,0,0,0,0,0,0,0,0,0,0,0,0,0,177,1..145,2,485,cgatacccggccaattcgcgacttctgacttggagacgaaatagatccgtttcgaggcattgagcgcgaaaatatcaagccagctgctgtgattggccactgctgcgccagtatgctccattggcttaccatgcacccggatcggaatttgcaggcacagaaatgcggatttgcaga
tank_000002859,clade,Bilateria,0.569148936,Opisthokonta,Metazoa,,,,,,,AC236992,[],33213,0,0,0,0,0,0,0,0,0,0,0,0,0,0,0,0,0,0,0,0,0,0,0,0,0,0,0,0,0,0,0,0,0,0,0,0,0,0,0,0,0,0,0,12,0,0,0,0,0,0,0,0,0,0,0,0,0,0,0,0,0,0,0,0,0,0,0,0,0,0,0,0,0,0,0,0,0,0,0,0,0,0,0,0,0,0,0,0,0,155,1..145,1,12,agactcatcacgacctgagtccgcgtgtgcgtcatggtacccaaggccgccagcttcccgcccataaaagaaacgacaaagatgccgactgagtacgccaataaaatcagtatggaatgtgaatccatgatggctataaccgaaaattataggcg
tank_000001700,clade,Bilateria,0.568527919,Opisthokonta,Metazoa,,,,,,,JQ071621,[],33213,0,0,0,0,0,0,0,0,0,0,0,0,0,0,0,0,0,0,0,0,0,0,0,0,0,0,0,0,0,0,0,0,0,0,0,0,0,0,0,0,0,0,0,0,0,0,0,0,0,120,0,0,0,0,0,0,0,0,0,0,0,0,0,0,0,0,0,0,0,0,0,0,0,0,0,0,0,0,0,0,0,0,0,0,0,0,0,0,0,158,1..145,2,120,tatctaaatatattgcaggtatgaacctaccacaagcacatcggatcctgggaaaagttccaccaccagctggccaggaaaagagagacagctcacaagcctcaaaagaagacttttgatagatgatgcatgaacgcaggatgaatcgcgagctctct
tank_000001578,clade,Bilateria,0.568421053,Opisthokonta,Metazoa,,,,,,,AB435272,[],33213,0,0,0,0,0,0,0,120,0,0,0,0,1,0,0,0,0,0,0,0,0,0,0,0,0,0,0,0,0,0,0,0,0,0,0,0,0,0,0,0,164,0,0,6,0,0,0,0,0,0,0,0,0,0,0,0,0,0,0,0,0,0,0,0,0,0,0,0,0,0,0,0,0,0,0,0,0,0,0,0,0,0,0,0,0,0,0,0,0,153,1..145,2,291,tagctaaatatattgcgggtatgaacctaccacaagcacatcctgggaaaagttccaccaccagctggccaggaaacgagagacagctcacaagcctcaaaagaagagttttgattgataatgcatgaacgcaggatgaatcacgagctctct
tank_000001074,clade,Bilateria,0.566502463,Opisthokonta,Metazoa,,,,,,,MK060131,[],33213,0,0,0,0,0,0,0,0,0,0,0,0,0,0,0,0,0,96,0,0,0,0,0,0,0,0,0,0,0,0,0,0,0,0,0,0,0,0,0,0,478,1,0,201,0,17,0,0,0,0,0,0,0,0,0,59,0,0,0,0,0,0,0,0,0,0,0,0,0,0,0,0,1,0,0,0,2,0,0,0,0,0,0,0,0,0,0,0,0,166,1..145,1,855,gcctcctcgagcccgagttccagctcgtagcggagatcggcgccgcgatagacgcgctgtccgccgccgcgcccgccgaagatgtcaccgaatacctcgtcgaatatgtcgcgaaatccggcgccgcccgagaaccctccaccgctcgcatccaccccggcgtgac
tank_000002292,clade,Bilateria,0.565217391,Opisthokonta,Metazoa,,,,,,,MK213066,[],33213,0,0,0,0,0,0,0,0,0,0,0,0,0,0,0,0,0,0,0,0,0,0,0,0,0,0,0,0,0,0,0,0,0,0,0,0,0,0,0,0,31,0,0,0,0,0,0,0,0,0,0,0,0,0,0,0,0,0,0,0,0,0,0,0,0,0,0,0,0,0,0,0,0,0,0,0,0,0,0,0,0,0,0,0,0,0,0,0,0,176,1..145,1,31,gcaacggaatgaacttacccagagattagcctcctaattatgaaatggcaagccattttgttaggggttctcagttccctcaacctgtcattgcgagcgaagcgtggcaatctcgctgcggtcagggccgtcgctacgtcaacgggattgccacgtcgctacgctcctcgcagtga
tank_000001798,clade,Bilateria,0.563157895,Opisthokonta,Metazoa,,,,,,,AY862182,[],33213,0,0,0,0,0,0,0,0,0,0,0,0,76,0,0,0,0,0,0,0,0,0,0,0,0,0,0,0,0,0,0,0,0,0,0,0,0,0,0,0,0,0,0,0,0,0,0,0,0,0,0,0,0,0,0,0,0,0,0,0,0,0,0,0,0,0,0,0,0,0,0,0,0,0,0,0,0,0,0,0,0,0,0,0,0,0,0,0,0,159,1..145,1,76,ctgagagaagcaacagaaagtgaagaaagaacaacttccactccatcagaagggggctcattattgggacctaaaatgagagtacaagaaataaaaagtccagctaagaattaagtgtagagcatgtattcatacatgtatgtgtacttatggtacctg
tank_000001731,clade,Bilateria,0.562162162,Opisthokonta,Metazoa,,,,,,,AY649133,[],33213,0,0,0,0,0,0,0,0,0,0,0,0,40,0,0,0,0,0,0,0,0,0,0,0,0,0,0,0,0,0,0,0,0,0,0,0,0,0,0,0,0,0,0,0,0,0,0,0,0,0,0,0,0,0,0,0,0,0,0,0,0,0,0,0,0,0,0,0,0,0,0,0,0,0,0,0,0,0,0,0,0,0,0,0,0,0,0,0,0,133,1..145,1,40,ccagtgccgaaaaatgctacccctgccacaaactcacctacagaaccaactccctgtgtaccattgtcaataacccataaataaatgttcgctgagagatcaaacttctgttcaatctctgcctgaataggac
tank_000001484,clade,Bilateria,0.56185567,Opisthokonta,Metazoa,,,,,,,KX822153,[],33213,0,269,0,1,609,0,0,0,0,0,0,0,2,0,1,0,0,0,0,0,0,0,0,0,0,0,0,0,0,0,0,0,0,0,0,0,0,0,0,0,0,0,0,0,0,0,0,0,0,0,0,0,26,0,0,0,0,0,0,0,0,0,0,0,0,0,0,0,0,0,0,0,0,24,0,0,0,0,0,0,0,0,0,0,0,0,0,0,0,152,1..145,3,932,tagctaaatatattgcggtatgaacctaccacaagcacatcctgggaaaagttccaccaccagctggccaggaaaggagagacagctcacaagcctcaaaagaagagttttgacagatgatgcatgaacgcaggatgaatcacgagctctct
tank_000001733,clade,Bilateria,0.561497326,Opisthokonta,Metazoa,,,,,,,MG909663,[],33213,0,0,0,0,117,0,0,0,0,0,0,0,0,0,1,0,0,0,0,0,0,0,0,0,0,0,0,0,0,0,0,0,0,0,0,0,0,0,0,0,0,0,0,0,0,0,0,0,0,0,0,0,0,0,0,0,0,0,0,0,0,0,0,0,0,0,0,0,0,0,0,0,0,0,0,0,0,0,0,0,0,0,0,0,0,0,0,0,0,155,1..145,2,118,ctgagtgaagcaacagaaagtgaagagagaacaacttccactccatcagaagggggctcattattgggacctaaaatgagggtacaagaaatatagagtccagttaagaagtgtagagcatgtattcatacatgtatgtgtacttatggtacctg
tank_000001772,clade,Bilateria,0.56043956,Opisthokonta,Metazoa,,,,,,,MG909663,[],33213,0,0,0,0,0,0,52,0,0,0,0,0,0,0,0,0,0,0,0,0,0,0,0,0,0,0,0,0,0,0,0,0,0,0,0,0,0,0,0,0,0,0,0,0,0,0,0,0,0,0,0,0,0,0,0,0,0,0,0,0,0,0,0,0,0,0,0,0,0,0,0,0,0,0,0,0,0,0,0,0,0,0,0,0,0,0,0,0,0,148,1..145,2,52,tgctgcttgacaaatacgacatctttgtccagcatatcaatcaccctactgtcccagtcggtactgaacgtttaaggattaccccaactccactgcataccgacgaaatgatcgactatcttattgatgctctggttagcgtatttga
tank_000000560,clade,Bilateria,0.558823529,Opisthokonta,Metazoa,,,,,,,AF402623,[],33213,0,0,0,0,0,0,0,0,0,0,0,0,0,0,0,0,0,0,0,0,0,0,0,0,0,0,0,0,0,0,0,0,0,0,0,0,0,0,0,0,0,0,0,0,0,0,0,0,0,0,0,0,0,0,0,0,0,0,0,0,0,0,0,0,0,0,0,0,0,0,0,0,0,0,0,102,0,0,0,0,0,0,0,0,0,0,0,0,0,136,1..145,1,102,atgggttcgcgtgccgaagcgtcgtgggcgtcggtaagcagcagcgcttcggtttggctgcccagcttgtaacgccacaattcgccctgagctccaccgcgataataacgagcgttgtcgcgtgacacctgcagtc
tank_000002220,clade,Bilateria,0.558823529,Opisthokonta,Metazoa,,,,,,,AP012955,[],33213,0,0,0,0,0,0,13,0,0,0,0,0,0,0,0,0,0,0,0,0,0,0,0,0,0,0,0,0,0,0,2,0,0,0,0,0,0,0,0,0,0,0,0,0,0,0,0,0,0,0,0,0,0,0,0,0,0,0,0,0,0,0,0,0,0,0,0,0,0,0,0,0,0,0,0,0,0,0,0,0,0,0,0,0,0,0,0,0,0,184,1..145,1,15,agcgtccgccgacgaactcgaggacaagtcccagcccctcgtgggaaatgcagcttccgttgcggaccgcgacgccaccggcccaccaaacgtccccgctccggacgatctccaagggtcgcgagccggggactgggataacctgcttctgcgattcgaacggcatgactgcgacctgcgcccg
tank_000002351,clade,Bilateria,0.556149733,Opisthokonta,Metazoa,,,,,,,AP009143,[],33213,0,0,0,0,0,0,0,0,0,0,0,0,0,0,0,0,0,0,0,0,0,0,0,0,0,0,0,0,0,0,0,0,0,0,15,0,0,0,0,0,0,0,0,0,0,0,0,0,0,0,0,0,0,0,0,0,0,0,0,0,0,0,0,0,0,0,0,0,0,0,0,0,0,0,0,0,0,0,0,0,0,0,0,0,0,0,0,0,0,150,1..145,1,15,ggtacgacctcgagcgcgaaagcctgttcctggttacgaacgcccacgtcatcgacaaggactccgggcatctcgacttgctggtcccacccatcgggggaggcttggtgaggtcgttcactgtgacggcggagatcggcgtcggggcag
tank_000001579,clade,Bilateria,0.554973822,Opisthokonta,Metazoa,,,,,,,MG099108,[],33213,0,0,0,0,64,0,0,0,0,0,0,0,0,0,0,0,0,0,0,0,0,0,0,0,0,0,0,0,0,0,0,0,0,0,50,0,0,0,0,0,0,0,0,0,0,0,0,0,0,0,0,0,761,0,0,0,0,0,0,0,0,0,0,0,0,0,0,0,0,0,0,0,0,14,0,0,0,0,0,0,0,0,0,0,0,0,0,0,0,149,1..145,2,889,atagctaagcggtccgtagagcgctcgcaacgcttcccgatcgaccggatacaggcccgatgaaggtctcctcgcgaggagcgcagcatactcgtcgctaagctggtcttcaggaccaaataccctctcccctccgccgatgagactgt
tank_000002155,clade,Bilateria,0.553763441,Opisthokonta,Metazoa,,,,,,,MG386479,[],33213,0,0,0,0,0,0,0,0,0,0,0,0,0,0,0,0,0,0,0,0,0,0,0,0,0,0,0,0,0,0,0,0,0,0,6,0,0,0,0,0,0,0,0,0,0,0,0,0,0,42,0,0,0,0,0,0,0,0,0,0,0,0,0,0,0,0,0,0,0,0,0,0,0,0,0,0,0,0,0,0,0,0,0,0,0,0,0,0,0,148,1..145,1,48,tgagtcgcttctcgttgcgcgtcgttgaagtaggcgggcacggttatcactgcttgcgtgacggattctcccaatcgctcttccgcatccgacttcagtcgagcgagcagcatggacgatatctcagctggcggacgcacgcttccat
tank_000002295,clade,Bilateria,0.553763441,Opisthokonta,Metazoa,,,,,,,KR911790,[],33213,0,0,0,0,0,0,0,0,0,0,0,0,0,0,0,0,0,0,0,0,0,3,0,0,0,0,0,0,0,0,0,0,0,0,0,0,0,0,0,0,0,0,0,0,0,0,0,0,0,0,17,0,0,0,0,0,0,0,0,0,0,0,0,0,0,0,0,0,0,0,0,0,0,0,0,0,0,0,0,0,0,0,0,0,0,0,0,0,0,146,1..145,1,20,atttcgccgttcaaaaagtgggtaagatcattcatcgcaaaatcctccgcatgggtttgcgcgcagaataggcttgcgaaaatcacttgaacagaggcaatatttcaaagttgttttgcgaaaatgcaaaaggttacggatgaacc
tank_000002690,clade,Bilateria,0.553299492,Opisthokonta,Metazoa,,,,,,,AY147891,[],33213,0,0,0,0,0,0,0,0,0,0,0,0,0,0,0,0,0,22,0,0,0,0,0,0,0,0,0,0,0,0,0,0,0,0,0,0,0,0,0,0,0,0,0,0,0,2,0,0,0,0,0,0,0,0,0,0,0,0,0,0,0,0,0,0,0,0,0,0,0,0,0,0,0,0,0,0,0,0,0,0,0,0,0,0,0,0,0,0,0,158,1..145,1,24,ctatcttgaaacatcttcctacgccaccgagagatattaagttaccacacgatcggaatgaattgcccccagtgaaccaacaggaaataggcgtgtgtcgcgtcgttaaaggtagtttgcggctgatttcaggttctagtactgcaagcgattgggtg
tank_000002766,clade,Bilateria,0.553299492,Opisthokonta,Metazoa,,,,,,,AP009145,[],33213,0,0,0,0,0,0,0,0,0,0,0,0,0,0,0,0,0,0,0,0,0,0,0,0,0,0,0,0,0,0,0,0,0,0,0,0,0,0,0,0,0,0,0,0,0,0,0,0,0,0,11,0,0,0,0,0,0,0,0,0,0,0,0,0,0,0,0,0,0,0,0,0,0,0,0,0,0,0,0,0,0,0,0,0,0,0,0,0,0,170,1..145,1,11,gcccaggttggtctcctggtcggggtccttgcgaacctccgctatctcgggaaactcgctggtcctggagaaaaacttgttctccaccagctcgccgaagcgccgggcgaagcgcaggtgctccgcaggcgggaagtcctgtccgcgaaagaacagtgcgccgtgacggg
tank_000001548,clade,Bilateria,0.551351351,Opisthokonta,Metazoa,,,,,,,AY372776,[],33213,0,0,0,0,0,0,0,0,0,0,0,0,0,0,0,0,0,1,0,0,0,0,0,0,0,0,0,0,0,0,0,0,0,0,1,0,0,0,0,0,0,0,0,0,0,0,0,0,0,0,0,0,0,0,0,0,0,0,0,0,0,0,0,0,0,0,5275,0,0,0,0,0,0,0,0,0,1,0,0,0,0,0,0,0,0,0,0,2,0,150,1..145,55,5280,gcccaaaactcgccgaccctcgacgcacatcggctgctacatcgaaaatttctccctcgagcacccgaatcagctttccctgtggcctgttcacctgcgcatgaagaccgcgcaacgtccgccgcgtggagcgagaatagttatcttgca
tank_000001558,clade,Bilateria,0.551219512,Opisthokonta,Metazoa,,,,,,,AP012955,[],33213,0,66,0,0,424,0,0,4,0,0,0,0,7,0,0,0,0,0,0,0,0,0,0,0,0,0,0,0,0,0,0,0,0,0,0,0,0,0,0,0,1,0,0,33,0,0,0,0,0,0,0,0,0,0,0,0,0,0,0,0,0,0,0,0,0,0,0,0,0,0,0,0,0,0,0,0,0,0,0,0,0,0,0,0,0,0,0,0,0,184,1..145,2,535,agtgtccgccgacgaactcaaggagaagccccagtccctcgtgggaaatgcagcttccgttgcggatcgcgacgcctccggcccaccagacgtccccgctccggacgagctccaagggtcgggagccggggaccgggataacctgcttctgcgactcgaacggcacgactgcgacctgcacccg
tank_000002422,clade,Bilateria,0.55,Opisthokonta,Metazoa,,,,,,,AP018115,[],33213,0,0,0,0,0,0,0,0,0,0,0,0,0,0,26,0,0,0,0,0,0,0,0,0,0,0,0,0,0,0,0,0,0,0,0,0,0,0,0,0,0,0,0,0,0,1,0,0,0,0,0,0,0,0,0,0,0,0,0,0,0,0,0,0,0,0,0,0,0,0,0,0,0,9,0,0,0,0,0,0,0,0,0,0,0,0,0,0,0,137,1..145,1,36,cgcaagctgatagaggacaccttcggctgttacgtcgttgaccagggcagcatggcggaaatgaccccgtggatgagcaattccggctgccgccacctgcccggcgggatgcacctctggcaggacatcgtgtacac
tank_000001524,clade,Bilateria,0.548387097,Opisthokonta,Metazoa,,,,,,,KP013619,[],33213,0,0,0,0,0,0,0,0,0,0,0,0,0,0,0,0,0,0,0,0,0,0,0,0,0,0,0,0,0,0,0,0,0,0,0,0,0,0,0,0,0,0,0,42,0,0,0,0,0,231,0,0,0,0,0,41,0,0,0,0,0,0,0,0,0,1,0,0,0,0,0,0,0,0,0,0,1,0,0,0,0,0,0,0,0,0,0,0,0,142,1..145,2,316,attcctcggcacccagcagcatccgcgagtgagcgaattagctcgcaacgtacggaggcctggacatgcgtctcttcttcagcaagaatctcgaacgccagcgtaagcagggcgtcaccagaaagaatggcagtcgcttcat
tank_000002366,clade,Bilateria,0.548076923,Opisthokonta,Metazoa,,,,,,,KC633221,[],33213,0,0,0,0,0,0,0,0,0,0,0,0,0,0,0,0,0,0,0,0,0,0,0,0,0,0,0,0,0,0,0,0,0,0,0,0,0,0,0,0,0,0,0,0,0,0,0,0,0,0,0,0,11,0,0,0,0,0,0,0,0,0,0,0,0,0,0,0,0,0,0,0,0,0,0,0,0,0,0,0,0,0,0,0,0,0,0,0,0,177,1..145,1,11,cattccaatcctgtgcaatcccattgatcatctttaaaatatccggaaacacacactgcattcgttgccgctgactgagaatgtgatggtccggcagaagaactggaagactgcagtagaattggctggagaagttactgttgatgattcagcagtagtttcgtgaaattttgctgc
tank_000002797,clade,Bilateria,0.547368421,Opisthokonta,Metazoa,,,,,,,KM091480,[],33213,0,0,0,0,0,0,0,0,0,0,0,0,0,0,0,0,0,0,0,0,0,0,0,0,0,0,0,0,0,0,0,0,0,0,0,0,0,0,0,0,0,0,0,0,0,0,0,0,0,0,0,0,0,5,0,0,0,0,0,0,0,0,0,0,0,0,0,0,0,0,0,8,0,0,0,0,0,0,0,0,0,0,0,0,0,0,0,0,0,155,1..145,1,13,aacaacaggcgtccctcgaactgtgcatgatcaacatgaactctttgccatgcatgctgtggaaccatccaagggtgagcaggtgccttggggggattcctgctagctgcctgacattccacacaagtacgacacaactcttcaatctgtgagtc
tank_000000996,clade,Bilateria,0.54679803,Opisthokonta,Metazoa,,,,,,,KF766050,[],33213,0,0,0,0,0,0,0,0,0,0,0,0,0,0,0,0,0,0,0,0,0,0,0,0,0,0,0,0,0,0,0,0,0,0,0,0,0,0,0,0,0,0,0,0,0,0,0,0,0,0,0,0,0,0,0,0,0,0,0,0,0,0,0,0,0,0,0,0,0,0,0,0,0,0,0,10,0,0,0,0,0,0,0,0,0,0,0,0,0,176,1..145,1,10,gtggagtgcggaagacagcgtccccacaccacaaagtggccacttcgggcacaacgctcgcccagcggggtgctgtgccacgccggcgcccagccttcatcgcgcaagacagcggggtcataccgcagcatcccggtgcatcgagggcatttccgcgagccgctctccaccgacgc
tank_000002439,clade,Bilateria,0.544554455,Opisthokonta,Metazoa,,,,,,,AC021451,[],33213,0,31,0,0,0,0,0,0,0,0,0,0,2,0,0,0,0,0,0,0,0,0,0,0,0,0,0,0,0,0,0,0,0,0,0,0,0,0,0,0,0,0,0,0,0,0,0,0,0,0,0,0,0,0,0,0,0,0,0,0,0,0,0,0,0,0,0,0,0,0,0,0,0,0,0,0,0,0,0,0,0,0,0,0,0,0,0,0,0,182,1..145,2,33,ccacccattccaatcctgtacaatcccattgatcatctttaaaatatccggaaacacacactgcattcgttgccgctgactgagaatgtgatggtccggcagaagaactggaagactgcagtagaattggctggagaagttactgttgatgattcagcagtagtttcgtgaaattttgctgc
tank_000001623,clade,Bilateria,0.542857143,Opisthokonta,Metazoa,,,,,,,EU203648,[],33213,0,0,0,0,0,0,0,0,0,0,0,0,0,0,0,0,0,0,0,0,0,1,0,0,42,0,0,0,0,0,0,0,0,0,0,0,0,0,0,0,0,0,0,10,0,31,0,0,0,2,0,0,0,0,0,0,0,0,0,0,0,0,0,0,0,0,0,0,0,0,0,0,0,0,0,0,0,0,0,0,0,0,0,0,0,0,0,0,0,136,1..145,1,86,cctctatccctatgcctgccacacccacattgacccacccctccaccctggcgaccccccagctggcccgcatcacccaactccacgggatcctcacacccaactctccactccagtacgtgaatcgtccggagcc
tank_000001099,clade,Bilateria,0.542105263,Opisthokonta,Metazoa,,,,,,,AP006229,[],33213,0,0,0,0,0,0,0,0,0,0,0,0,0,0,0,0,0,0,0,0,0,0,0,0,0,0,0,0,0,0,0,0,0,0,0,0,0,0,0,0,0,0,0,0,0,0,0,0,0,0,0,0,0,0,0,0,0,0,0,0,0,0,0,0,0,0,0,0,0,0,0,0,0,0,0,15,0,0,0,0,0,0,0,0,0,0,0,0,0,152,1..145,1,15,acccacccggtgaccgacatcgcattgccggcggcgccccgggtgaagattcgttcgcgcccgctgggatcggagtcgtcgagcgcggaggcggcggttcctgccaggatgaggcccgtaaccccggaagccaggccgagtccggcgatcgc
tank_000000642,clade,Bilateria,0.541666667,Opisthokonta,Metazoa,,,,,,,DQ502261,[],33213,0,0,0,0,0,0,0,0,0,0,0,0,0,0,0,0,13,0,0,0,0,0,0,0,0,0,0,0,0,0,0,0,0,0,0,0,0,0,0,0,0,0,0,0,0,0,0,0,0,0,0,0,0,0,0,0,0,0,0,0,0,0,0,0,0,0,0,0,0,0,0,0,0,0,0,0,0,0,0,0,0,0,0,0,0,0,0,0,0,150,1..145,1,13,cgtctgttcctgcatgtgctgcccgtcgcacgatcgattttgctgtctttaccgcgctttcagcttttctgttggactgtgggtattctgggctgcatgtacagtgctgaaacccccactctgtagcgagctctgtgaaggctgtactgg
tank_000001667,clade,Bilateria,0.541436464,Opisthokonta,Metazoa,,,,,,,GQ397245,[],33213,0,561,0,0,113,0,0,0,0,0,0,0,0,0,0,0,0,0,0,0,0,0,0,0,2,0,0,0,0,0,0,0,0,0,0,0,0,0,0,0,0,0,0,0,0,0,0,0,0,0,0,0,0,0,0,0,0,0,0,0,0,0,0,0,0,0,0,0,0,0,0,0,0,0,0,0,0,0,0,0,0,0,0,0,0,0,0,0,0,136,1..145,6,676,cctccacccctacgcctgccacacccacatcgacccacccctccaccctggcgaccccccagctggcccgcatcacccaactccacgggatcctcacacccaactctccgctccagtacgtgaatcgtccggagcc
tank_000001576,clade,Bilateria,0.540106952,Opisthokonta,Metazoa,,,,,,,EU547113,[],33213,0,0,0,0,0,0,0,0,0,0,0,0,0,0,0,0,0,0,0,0,0,0,0,0,0,0,0,0,0,0,0,0,0,0,0,0,0,0,0,0,0,189,0,0,0,0,0,0,0,0,0,0,0,0,0,0,0,0,0,0,0,0,0,0,0,0,0,0,0,0,0,0,0,0,0,0,0,0,0,0,0,0,0,0,0,0,0,0,0,161,1..145,1,189,cctagtatttcgccacccccaagtatccgcctgaagggcctcacattctggagcgtcctacacgtcggacgtttgatgccggtagggattgaacaacaagtagttcaaatgccggtacaaatcactgtcggcaagcagttgcgcgtgctttccctcgccga
tank_000000511,clade,Bilateria,0.538461538,Opisthokonta,Metazoa,,,,,,,MF186322,[],33213,0,0,0,0,0,0,0,0,0,0,0,0,0,0,0,0,0,0,0,0,0,0,0,0,0,0,0,0,0,0,0,0,0,0,0,0,0,0,0,0,0,0,0,0,0,0,0,0,0,0,0,0,0,0,0,0,0,0,24,0,0,0,0,0,0,0,0,0,0,0,0,0,0,0,0,0,0,0,0,0,0,0,0,0,0,0,0,0,0,180,1..145,1,24,agccagaaaaaccgttgcgatccacggccatgattttggagtcagcgaggtctggaatgctgcgggcggagtcctctcggcgggcaaaaatggttgcaccggtgcgatcgatggactggccctcccacatctcggccagtcccagaattgcgcgggctctccactcgacttcggcggcca
tank_000001651,clade,Bilateria,0.537142857,Opisthokonta,Metazoa,,,,,,,KU159666,[],33213,0,0,0,0,0,0,0,0,0,0,0,0,0,0,0,0,0,134,0,0,0,0,0,0,0,0,0,0,0,0,0,0,0,0,0,0,0,0,0,0,0,0,0,0,0,0,0,0,0,0,0,0,0,0,0,0,0,0,0,0,0,0,0,0,0,0,0,0,0,0,0,0,0,0,0,0,0,0,0,0,0,0,0,0,0,0,0,0,0,133,1..145,1,134,gggccgtggagctcagcggcacgagcggcgaagccatgccaaaatctggctggcttgtggtcctgagaagaggccacgcgttgaatcagcgggtgcgggcatggtgtgggaccgttctggcgtgttgcatgcc
tank_000000013,clade,Bilateria,0.532163743,Opisthokonta,Metazoa,,,,,,,MH516202,[],33213,0,0,0,0,0,0,0,0,0,0,0,0,0,0,0,0,0,0,0,0,0,0,0,0,0,0,3152,0,0,0,0,0,0,0,0,0,0,0,0,6,0,0,7,0,0,0,0,0,0,0,0,0,0,0,0,0,0,0,0,0,0,0,0,0,19,0,0,66,0,0,0,0,0,0,0,0,0,0,0,0,0,0,0,0,0,0,0,0,0,136,1..145,33,3250,gtgccggtccgtacctgttgaacgtgagtcgctttgtcgatttgcggcagacggtcgcgatggcggttgagcgtagccgggtcgtgctatacgaccaggccaccgagccgtggaattacgttaaccaggtggtcag
tank_000000175,clade,Bilateria,0.526595745,Opisthokonta,Metazoa,,,,,,,AF285937,[],33213,0,0,0,0,0,0,0,0,0,0,0,0,0,0,0,0,0,0,0,0,0,0,0,0,0,0,0,0,0,0,0,0,0,0,0,0,0,0,0,0,0,0,0,0,0,0,0,0,0,0,0,0,0,0,0,0,0,0,0,0,0,0,0,0,0,0,0,0,0,0,0,0,0,0,0,15,0,0,0,0,0,0,0,0,0,0,0,0,0,144,1..145,1,15,ctgaggatcttctgacgccggagctgggaagccagcccctggtccctgacgatcagggtcagtgccggattccgggtgttgaggctgaaggcgttcatgaccgtttggttgaggtgatcgaacctcttctcctgccggaccagc