id,rank,scientific_name,best_identity,superkingdom_name,kingdom_name,phylum_name,class_name,order_name,family_name,genus_name,species_name,best_match,species_list,taxid,D1.SW.BLANK,D1.TANKA.SPONGE.CREAM,D1.TANKA.SPONGE.PINK,D1.TANKA.WATER,D1.TANKB.SPONGE.CREAM,D1.TANKB.SPONGE.PINK,D1.TANKB.WATER,D1.TANKC.SPONGE.BLACK,D1.TANKC.SPONGE.CREAM,D1.TANKC.SPONGE.PINK,D1.TANKC.WATER,D2.FILT.BLANK,D2.SPONGE.CONTROL,D2.SW.BLANK,D2.TANKA.FISH.SPONGE.BLACK,D2.TANKA.FISH.SPONGE.CREAM,D2.TANKA.FISH.SPONGE.PINK,D2.TANKA.FISH.WATER,D2.TANKB.FISH.SPONGE.CREAM,D2.TANKB.FISH.SPONGE.PINK,D2.TANKB.FISH.WATER,D2.TANKC.FISH.SPONGE.CREAM,D2.TANKC.FISH.SPONGE.PINK,D2.TANKC.FISH.WATER,D3.SPONGE.CONTROL,D3.SW.BLANK,D3.TANKA.00H.SPONGE.CREAM,D3.TANKA.00H.SPONGE.PINK,D3.TANKA.00H.WATER,D3.TANKA.04H.SPONGE.CREAM,D3.TANKA.04H.SPONGE.PINK,D3.TANKA.04H.WATER,D3.TANKA.08H.SPONGE.CREAM,D3.TANKA.08H.SPONGE.PINK,D3.TANKA.08H.WATER,D3.TANKB.00H.SPONGE.BLACK,D3.TANKB.00H.SPONGE.CREAM,D3.TANKB.00H.SPONGE.PINK,D3.TANKB.00H.WATER,D3.TANKB.04H.SPONGE.CREAM,D3.TANKB.04H.SPONGE.PINK,D3.TANKB.04H.WATER,D3.TANKB.08H.SPONGE.CREAM,D3.TANKB.08H.SPONGE.PINK,D3.TANKB.08H.WATER,D3.TANKC.00H.SPONGE.CREAM,D3.TANKC.00H.SPONGE.PINK,D3.TANKC.00H.WATER,D3.TANKC.04H.SPONGE.CREAM,D3.TANKC.04H.WATER,D3.TANKC.08H.SPONGE.CREAM,D3.TANKC.08H.SPONGE.PINK,D4.FILT.BLANK,D4.SPONGE.CONTROL,D4.SW.BLANK,D4.TANKA.24H.SPONGE.CREAM,D4.TANKA.24H.SPONGE.PINK,D4.TANKA.24H.WATER,D4.TANKB.24H.SPONGE.CREAM,D4.TANKB.24H.SPONGE.PINK,D4.TANKB.24H.WATER,D4.TANKC.24H.SPONGE.CREAM,D4.TANKC.24H.SPONGE.PINK,D5.FILT.BLANK,D5.REEF.01.SPONGE,D5.REEF.01.WATER,D5.REEF.02.SPONGE,D5.REEF.02.WATER,D5.REEF.03.SPONGE,D5.REEF.03.WATER,D5.SW.BLANK,D5.TANKA.48H.SPONGE.CREAM,D5.TANKA.48H.SPONGE.PINK,D5.TANKA.48H.WATER,D5.TANKB.48H.SPONGE.CREAM,D5.TANKB.48H.SPONGE.PINK,D5.TANKB.48H.WATER,D5.TANKC.48H.SPONGE.CREAM,D5.TANKC.48H.SPONGE.PINK,D5.TANKC.48H.WATER,D6.SPONGE.CONTROL,D6.SW.BLANK,D6.TANKA.72H.SPONGE.CREAM,D6.TANKA.72H.SPONGE.PINK,D6.TANKA.72H.WATER,D6.TANKB.72H.SPONGE.CREAM,D6.TANKB.72H.SPONGE.PINK,D6.TANKB.72H.WATER,D6.TANKC.72H.SPONGE.CREAM,D6.TANKC.72H.SPONGE.PINK,D6.TANKC.72H.WATER,EXT.BLANK.20201105,EXT.BLANK.20201106,EXT.BLANK.20210607,EXT.BLANK.20210608,EXT.BLANK.20210609,LIB01.PCR.Neg.02,LIB01.PCR.Pos.02,LIB02.PCR.Pos.01,LIB02.PCR.Pos.02,LIB02.PCR.Pos.03,seq_length,subsequence,cluster_weight,total_reads,sequence
tank_000000005,species,Homo sapiens,1,Opisthokonta,Metazoa,Chordata,Mammalia,Primates,Hominidae,Homo,Homo sapiens,'AB196722',['Homo sapiens'],9606,0,3,2,0,0,1,0,0,1,5538,0,0,0,0,0,5,0,5,0,3,1,0,2,2,0,0,107,999,4387,5708,0,0,1645,4443,0,0,6,2658,9519,1,0,0,8501,7934,0,310,2479,980,3,0,1,867,1244,69,0,2314,2,4,0,0,0,0,18945,5790,5840,0,0,4,0,1,586,0,77,640,4,194,0,93,8391,6,1436,793,217,4821,1097,1,1,1,3,5045,0,1485,1963,10335,0,0,0,0,18,18,0,167,1..150,16074,127549,gcggtcacacgattaacccaagtcaatagaagccggcgtaaagagtgttttagatcaccccctccccaataaagctaaaactcacctgagttgtaaaaaactccagttgacacaaaatagactacgaaagtggctttaacatatctgaacacacaatagctaagacc
tank_000000006,genus,Chromis,0.987878788,Opisthokonta,Metazoa,Chordata,Actinopterygii,Perciformes,Pomacentridae,Chromis,,'FJ616316',[],80974,0,0,0,0,0,0,0,0,0,0,0,0,0,0,0,0,0,0,168,1197,2225,1,0,0,0,0,0,0,0,0,0,3,0,0,0,0,0,694,0,0,0,0,0,0,0,0,0,0,0,0,0,1,0,0,0,0,0,1,0,0,0,0,0,0,0,0,0,0,0,1,0,0,0,0,0,0,0,0,1,0,0,0,0,0,0,0,20,0,0,0,0,0,0,0,0,0,0,0,0,0,0,165,1..150,20,4312,gcggttatacgagaggctcaagttgacagacaacggcgtaaagagtggttaaggagaccttaaaactaaagccgaacgccctcagaactgttatacgtttccgaaggtatgaagtcccactacgaaagtggctttactccccctgactccacgaaagctgtgaaa
tank_000000008,species,Scarus quoyi,1,Opisthokonta,Metazoa,Chordata,Actinopterygii,Labriformes,Labridae,Scarus,Scarus quoyi,'EU601210',['Scarus quoyi'],247626,0,0,0,0,0,0,0,0,0,0,0,0,0,0,0,0,0,0,0,0,2,0,0,0,0,0,0,0,1,0,0,0,0,0,0,0,0,0,0,0,0,0,0,0,0,0,0,0,0,0,0,0,0,0,0,0,0,0,0,0,0,0,0,0,0,3950,0,1157,0,236,0,0,0,0,0,0,0,0,0,0,0,0,0,0,0,0,0,0,0,0,0,0,0,0,0,1,0,0,0,0,0,168,1..150,1012,5347,gcggttatacgaaaggcccaagttgaaaaacattcggcgtaaagggtggctaaggacctacttcaaactagagctgaatttcttcaaagctgttatacgctcatgaaaaccagaaaatcaaccacgaaagtggctctaatcacacctgacaccacgaaagctatgaca
tank_000000009,family,Pomacanthidae,1,Correct_manually,Correct_manually,Correct_manually,Correct_manually,Correct_manually,Pomacanthidae,,,'KP018404',[],30862,0,0,0,0,0,0,0,0,0,0,0,0,0,0,0,0,0,2,0,0,4,0,0,0,0,0,0,0,1,0,0,1,0,0,0,0,0,0,2,0,2,0,0,0,0,0,0,0,0,0,0,0,1,0,0,0,0,1,0,0,0,0,0,1,0,4395,0,10438,0,3607,0,0,0,0,0,0,0,0,0,0,0,0,0,0,2,0,0,0,0,0,0,0,0,0,0,2,0,0,0,0,0,166,1..150,3882,18459,gcggttatacgagaggcccaagttgttagacaccggcgtaaagcgtggttaagataacttttatactaaagccgaacgccttccctactgttatacgtttactgaaggtaggaagttcaatcacgaaagtagctttataatatctgaacccacgaaagctaggata
tank_000000013,species,Zebrasoma desjardinii,0.993939394,Opisthokonta,Metazoa,Chordata,Actinopterygii,Acanthuriformes,Acanthuridae,Zebrasoma,Zebrasoma desjardinii,'KU244264',['Zebrasoma desjardinii'],1146995,0,1,0,0,1,0,0,0,0,787,0,0,0,0,0,5,1,6581,0,1399,5,121,0,0,0,0,528,1803,9840,4179,199,1,1199,6903,1,0,0,1,3,0,0,0,1,0,0,0,0,2,0,0,0,2,3,0,0,8197,0,0,0,0,0,0,1,0,0,657,0,2337,0,676,0,7,65,0,0,0,0,0,1,6,0,0,0,0,0,0,0,0,0,0,0,0,2,0,0,0,0,0,9,4,0,165,1..150,8076,45528,gcggttatacgagagacccaagttgttagacaccggcgtaaagagtggttaagtacccttacttactaaagccgaacaccttcaaagctgttatacgcacctgaagacaggaagttcaatcacgaaagtggctttataccaactgaacccacgaaagctaggata
tank_000000014,species,Odonus niger,1,Opisthokonta,Metazoa,Chordata,Actinopterygii,Tetraodontiformes,Balistidae,Odonus,Odonus niger,'AP009208',['Odonus niger'],392902,0,0,0,0,0,0,0,0,0,0,0,417,0,0,0,0,0,0,0,0,0,0,0,0,0,0,0,0,0,0,0,0,0,0,0,0,0,0,0,0,0,0,0,0,0,0,0,0,0,0,0,0,0,0,0,0,0,0,0,0,0,0,0,0,0,0,0,0,0,0,0,0,0,0,0,0,0,0,0,0,0,0,0,0,0,0,0,0,0,0,0,0,0,0,0,0,0,0,0,0,0,166,1..150,100,417,gcggttatacgagaggcccaagctgacagacaccggcgtaaagagtggttaggaaaacacgataaattagagccgaacgctcccaaagctgtcatacgcacccgagagtaagaagtacaacaacgaaagtagctctattaattctgaacccacgaaagctaaggca
tank_000000017,species,Pomadasys kaakan,0.904191617,Correct_manually,Correct_manually,Correct_manually,Correct_manually,Lutjaniformes,Haemulidae,Pomadasys,Pomadasys kaakan,'MG748713',['Pomadasys kaakan'],360508,6,0,5985,0,0,0,0,0,0,1,0,0,0,0,0,0,0,0,0,1,0,13729,0,0,0,0,0,1,0,1,0,0,175,1,0,0,1,0,0,0,0,0,0,0,14,0,0,0,0,0,1,902,0,0,0,32,0,0,0,1,0,0,0,0,1,0,0,537,0,347,0,0,1,0,0,1,0,0,0,0,0,0,0,505,0,0,0,0,0,1,0,0,0,0,0,0,0,0,4,4,0,163,1..150,2457,22252,gcggttatatgagaggcccaagctgatagtcaccggcgtaaagagtggttaagattaaattgaatactaaagccgaaagccctcacagctgttatacgcactcgagggtaagaagcccaactacgaaagtggctttacatctgaacccatgaaagctagggca
tank_000000018,species,Homo sapiens,1,Opisthokonta,Metazoa,Chordata,Mammalia,Primates,Hominidae,Homo,Homo sapiens,'FN674024',['Homo sapiens'],9606,0,0,0,0,0,0,0,0,0,0,0,0,0,0,0,0,0,0,0,0,0,0,0,0,0,0,0,0,1,0,0,0,0,0,0,0,0,0,0,0,0,0,0,1,0,0,0,0,0,0,0,0,0,0,0,0,0,0,0,0,0,0,360,447,469,0,0,0,0,0,0,0,0,0,0,0,0,0,0,0,0,0,0,0,0,0,0,0,0,0,0,0,0,0,0,0,0,0,0,1,0,166,1..150,13,1279,gcggtcacacgattaacccaagtcaatagaaaccggcataaagagtgttttagatcaattcccctcaataaagctaaaattcacgtgagttgtaaaaaactccagttgatacaaaataaactacgaaagtggctttaatgcatctgaacacagaataactaagacc
tank_000000019,species,Pseudanthias squamipinnis,0.932926829,Opisthokonta,Metazoa,Chordata,Actinopterygii,Perciformes,Serranidae,Pseudanthias,Pseudanthias squamipinnis,'AP006795',['Pseudanthias squamipinnis'],270578,0,0,0,0,0,0,0,0,0,0,0,0,0,0,0,0,0,0,0,0,0,0,0,0,0,0,0,0,0,0,0,0,0,0,0,0,0,0,0,0,0,0,0,0,0,0,0,0,0,0,0,0,0,0,0,0,0,0,0,0,0,0,0,0,0,609,0,757,0,162,0,0,0,0,0,0,0,0,0,0,0,0,0,0,0,0,0,0,0,0,0,0,0,0,0,0,0,0,0,0,0,163,1..150,5,1528,gcggttatacgaggagcccaagttgatagccgccggcgtaaagcgtggttaagataagacatatactaaagccgaacgcaaactaagctgttatacgcattcgaaaatagaagcccaattacgaaagtagctttatataactgaccccacgaaagccagggca
tank_000000020,species,Paracanthurus hepatus,1,Opisthokonta,Metazoa,Chordata,Actinopterygii,Acanthuriformes,Acanthuridae,Paracanthurus,Paracanthurus hepatus,'KT826539',['Paracanthurus hepatus'],75030,0,0,0,0,0,0,0,0,0,0,0,0,0,0,0,0,0,2,0,0,1,0,0,0,0,0,0,0,2,0,0,1,0,0,0,0,0,0,0,0,1,0,0,0,0,0,0,0,0,0,0,0,0,0,0,0,0,0,0,0,0,0,0,0,0,1125,0,5710,0,1454,0,0,0,0,0,0,0,0,0,0,0,0,0,0,0,0,0,0,0,0,0,0,0,0,0,0,0,0,0,0,0,165,1..150,62,8296,gcggttatacgagagacccaagttgttagacatcggcgtaaagagtggttaagtactattacttactaaagccgaacaccttcgaagctgtcatacgcacctgaagacaggaagttcaatcacgaaagtggctttataccaactgaatccacgaaagctagggca
tank_000000021,species,Hippocampus kuda,0.99382716,Opisthokonta,Metazoa,Chordata,Actinopterygii,Syngnathiformes,Syngnathidae,Hippocampus,Hippocampus kuda,'AP005985',['Hippocampus kuda'],103715,0,0,0,0,0,0,0,0,0,0,0,0,0,0,0,0,0,0,0,0,0,0,0,1645,0,0,0,0,0,0,0,0,0,1,0,0,1,2,0,0,0,0,0,0,0,1,0,35,1,0,0,4907,0,0,0,0,0,0,0,1,0,0,0,0,0,0,0,0,0,0,0,0,0,0,0,0,0,0,1,0,0,0,0,0,0,0,0,0,0,0,0,0,0,0,0,0,0,0,2,0,0,162,1..150,1018,6597,gcggttatacgagaggctcaagataatagaagtcggcgtaaagagtggttaagtataaaataactaaagttaaacatcttccaagctgttatacgcacccgaaggtatgagattcatttacgaaagtgactttacaaaactgaacccacgaaagctatgaaa
tank_000000025,genus,Siganus,1,Correct_manually,Correct_manually,Correct_manually,Correct_manually,Correct_manually,Siganidae,Siganus,,'AP006031',[],75041,0,0,0,0,0,0,0,0,0,0,0,0,0,0,0,0,0,0,0,0,0,0,0,1,0,0,0,0,1,0,0,0,636,0,0,0,0,0,0,0,0,0,0,0,0,0,0,0,0,0,0,0,0,0,0,0,0,0,0,0,0,0,0,0,0,1482,0,1,0,551,0,0,0,0,0,0,0,0,0,0,0,0,0,0,0,0,0,0,0,0,1,0,0,0,0,3,0,0,0,0,0,166,1..150,535,2676,gcggttatacgagagacccaagttgatagacagcggcgtaaagcgtggttaagaacaaaacctaaactaaagccgaacactctcaaagctgttatacgcactcgagagtatgaagtccaatcacgaaagtggctttacttattctgaacccacgaaagctagggca
tank_000000028,genus,Amphiprion,1,Opisthokonta,Metazoa,Chordata,Actinopterygii,Perciformes,Pomacentridae,Amphiprion,,'AB979697',[],80969,0,3,1,0,1,0,0,1,5,2,0,0,0,0,1,1,0,1185,1344,5,13484,2179,6624,5235,0,1,713,5191,10043,12816,503,7121,118,9988,8,1,26,1,2226,2926,0,2,1,1032,3,1890,799,1921,2,138,0,3731,1,0,0,3735,1132,4037,1,0,0,1,0,4,0,2,0,178,0,1,5,0,199,0,0,3535,2,1,0,18,1,0,0,0,0,0,0,0,1,1,0,0,9,1,0,0,0,0,15,10,0,163,1..150,10448,104162,gcggttatacgagaggctcaagttgacagacaacggcgtaaagagtggttagggaaattttaaactaaagccaaacgtcctcaaagctgtttaacgctcccgagttaagaagatccattacgaaagtagctttacccatcctgaccccacgaaagctgtgaca
tank_000000029,species,Pomacanthus imperator,1,Correct_manually,Correct_manually,Correct_manually,Correct_manually,Correct_manually,Pomacanthidae,Pomacanthus,Pomacanthus imperator,'KP218259',['Pomacanthus imperator'],109711,0,0,0,0,0,0,0,0,0,0,0,0,0,0,0,0,0,0,0,0,1,0,0,0,0,0,0,0,2,0,0,0,0,0,0,0,0,0,0,0,0,0,0,0,0,0,0,0,0,0,0,0,0,0,0,0,0,0,0,0,0,0,0,0,0,717,0,3146,0,3572,0,0,0,0,0,0,0,0,0,1,0,0,0,0,0,0,0,0,0,0,0,0,0,0,0,0,0,0,0,0,0,168,1..150,355,7439,gcggttatacgagtgagcccaagctgttagacaccggcgtaaagcgtggttaagatgatcccaatactaaagccgaacgccttctatactgttatacgttttccgaaggtaagaagcccgatcacgaaagtagctttaactatatctgaacccacgaaagctagggta
tank_000000034,clade,Bilateria,0.56937799,Opisthokonta,Metazoa,,,,,,,'DQ674565',[],33213,0,0,0,0,0,0,0,0,0,0,0,0,0,0,0,0,0,0,0,0,0,0,0,0,0,0,0,0,0,0,0,1,0,0,781,0,0,0,0,0,0,0,0,0,0,0,0,0,0,0,0,0,0,0,0,0,0,0,0,0,0,0,0,0,0,0,0,10,0,0,0,0,0,0,0,0,0,0,0,0,0,0,0,0,0,0,0,1,0,0,0,0,0,0,0,0,0,0,0,0,0,177,1..150,214,793,cgatacccggccaattcgcgacttctgacttggagacgaaatagatccgtttcgaggcattgagcgcgaaaatatcaagccagctgctgtgattggccactgctgcgccagtatgctccattggcttaccatgcacccggatcggaatttgcaggcacagaaatgcggatttgcaga
tank_000000035,clade,Percomorphaceae,0.857142857,Opisthokonta,Metazoa,Chordata,Actinopterygii,,,,,'AP002943',[],1489872,0,0,0,0,0,0,0,0,4,1,0,0,0,0,0,0,0,0,0,0,14186,0,1,1,0,0,0,0,0,1,0,0,0,1,0,0,10660,0,9347,2845,0,0,1193,0,0,0,0,0,1,0,0,0,0,0,0,0,0,1,0,0,13,0,0,0,0,3,0,1,0,2,0,0,0,1,0,0,0,0,0,0,0,0,0,0,0,0,0,0,0,0,0,0,0,0,0,0,0,0,2,2,0,166,1..150,4298,38266,gcggttatacgagagacccaagttgacagatattcggcgtaaagggtggttaagattttacttaaactaaagtcgaacgccttcaagtctgtggtacgttactcgaaggcaagaagccccactacgaaagtgactttatttatctgaccccacgaaagctaggaca
tank_000000045,species,Pseudanthias squamipinnis,0.987654321,Opisthokonta,Metazoa,Chordata,Actinopterygii,Perciformes,Serranidae,Pseudanthias,Pseudanthias squamipinnis,'AP006795',['Pseudanthias squamipinnis'],270578,0,0,0,0,0,0,0,0,0,0,0,0,0,0,0,0,0,0,0,0,1,0,0,0,0,0,0,0,1,0,0,2,0,0,0,0,0,0,1,0,1,0,0,0,0,0,0,0,0,0,0,0,1,0,0,0,0,0,0,0,0,0,0,0,0,2343,0,6799,0,5672,0,0,0,0,0,0,0,0,0,0,0,0,0,0,0,0,0,0,0,0,0,0,0,0,0,0,0,0,0,0,0,162,1..150,2861,14821,gcggttatacgaggagcccaagttgatagcctccggcgtaaagcgtggttaagatagaattaaagtaaagcagaacgcaaactaagctgttatacgcatttgaaagtagaagcccaattacgaaagtagctttatacaactgaccccacgaaagccagggca
tank_000000049,species,Astropecten armatus,0.703910615,Opisthokonta,Metazoa,Echinodermata,Asteroidea,Paxillosida,Astropectinidae,Astropecten,Astropecten armatus,'FJ171785',['Astropecten armatus'],563618,0,0,0,0,0,0,0,0,0,0,0,0,0,0,0,0,0,0,0,1,0,0,0,0,0,0,0,0,1,0,0,2194,0,0,0,0,0,0,0,0,0,0,0,0,0,0,0,0,0,0,0,0,0,0,0,0,0,0,0,0,0,0,0,0,0,0,0,0,0,0,0,0,0,0,0,0,0,0,0,115,0,0,0,0,0,0,0,0,0,0,0,0,0,0,0,0,0,0,0,0,0,154,1..150,439,2311,gcggttatacataaggtcacagttaagaataaacggtacaaagacaactaaaaccatttggggataaaaataactctagcagtaacaagcttacagaacactaaaaacaacaccaaccccaatcatacactaaccagttaccaaagctcaaaaa
tank_000000064,clade,Percomorphaceae,0.852941176,Opisthokonta,Metazoa,Chordata,Actinopterygii,,,,,'AB370894',[],1489872,0,0,0,0,0,0,0,0,0,0,0,0,0,0,0,0,0,0,0,0,0,0,0,0,0,0,0,0,0,0,0,0,0,0,0,0,0,0,0,0,0,0,0,0,0,0,0,0,0,0,0,0,0,0,0,0,0,0,0,0,0,0,0,1,0,0,0,0,0,298,0,0,0,0,0,0,0,0,0,0,0,0,0,0,0,0,0,0,0,0,0,0,0,0,0,0,0,0,0,0,0,164,1..150,115,299,gcggttatacgagaggcccaagttgatacacgcggcgtaaagtgtggttaagataagtttcaaactaaagtcgaacgcccccagagcagtagtacgcttccgagagcaagaagccccctcacgaaagtaactttacaccatctgactccacgaaagctgtgaaa
tank_000000078,species,Forcipiger flavissimus,1,Opisthokonta,Metazoa,Chordata,Actinopterygii,Chaetodontiformes,Chaetodontidae,Forcipiger,Forcipiger flavissimus,'EF616881',['Forcipiger flavissimus'],109909,0,0,0,0,0,0,0,0,0,0,0,0,0,0,0,0,0,0,0,0,0,0,0,0,0,0,0,0,0,0,0,0,0,0,0,0,0,0,0,0,0,0,0,0,0,0,0,0,0,0,0,0,0,0,0,0,0,0,0,0,0,0,0,0,0,0,0,1246,0,0,0,0,0,0,0,0,0,0,0,0,0,0,0,0,0,0,0,0,0,0,0,0,0,0,0,0,0,0,0,0,0,166,1..150,352,1246,gcggttagacgagagactcaagttgttagacatcggcgtaaagagtggttaagatgttctaaaaaactaaagccgaacgccctcatagctgttatacgcttccgaaggtaagaagcccaactacgaaagtggctttattcaatctgaatccacgaaagctagggta
tank_000000084,species,Halichoeres ornatissimus,0.939759036,Opisthokonta,Metazoa,Chordata,Actinopterygii,Labriformes,Labridae,Halichoeres,Halichoeres ornatissimus,'KY815295',['Halichoeres ornatissimus'],317493,0,0,0,0,0,0,0,0,0,0,0,0,0,0,0,0,0,0,0,0,0,0,0,0,0,0,0,0,0,0,0,0,0,0,0,0,0,0,1,0,0,0,0,0,0,0,0,36,0,0,0,0,0,0,0,0,0,0,0,0,0,0,0,0,0,435,0,1,0,0,0,0,0,0,0,0,0,0,0,0,0,0,0,0,0,0,0,0,0,0,0,0,0,0,0,0,0,0,0,0,0,165,1..150,150,473,gcggttatacgagagacccaagttgatagccctcggcgtaaagagtggttaagagacatccccaaactaaagataaacaacttcaaagctgttatacgcacatgaatatatgaaaatcaactacgaaagtgactttaaacccctgaccccacgaaagctatgaca
tank_000000095,genus,Amphiprion,1,Opisthokonta,Metazoa,Chordata,Actinopterygii,Perciformes,Pomacentridae,Amphiprion,,'FJ616309',[],80969,0,0,0,0,0,0,0,0,0,0,0,0,0,0,0,0,0,0,0,0,0,0,0,0,0,0,0,0,0,0,0,0,0,0,0,0,0,0,0,0,0,0,0,0,0,0,0,0,0,0,0,0,0,0,0,0,0,0,0,0,0,0,0,0,0,0,0,678,0,0,0,0,0,0,0,0,0,0,0,0,0,0,0,0,0,0,0,0,0,0,0,0,0,0,0,0,0,0,0,0,0,164,1..150,64,678,gcggttatacgagaggcccaagttgacagactacggcgtaaagagtggttagggaaacttttagactaaagccgaacgtcctcaaagctgtttaacgcttccgagttaagaagatccattacgaaagtagctttacccaacctgaccccacgaaagctgtgaaa
tank_000000100,species,Acanthurus guttatus,0.993975904,Opisthokonta,Metazoa,Chordata,Actinopterygii,Acanthuriformes,Acanthuridae,Acanthurus,Acanthurus guttatus,'AF055609',['Acanthurus guttatus'],75013,1,0,0,0,0,0,0,0,0,0,0,0,0,0,0,0,0,0,0,0,0,0,0,0,0,0,0,0,0,0,0,0,0,0,0,0,0,0,0,0,0,0,0,0,0,0,0,0,0,0,0,0,0,0,0,0,0,0,0,0,0,0,0,0,0,746,0,0,0,971,0,0,0,0,0,0,0,0,0,0,0,0,0,0,0,0,0,0,0,0,0,0,0,0,0,0,0,0,0,0,0,166,1..150,452,1718,gcggttatacgagagacccaagttgacagacaatcggcgtaaagagtggttaagtactacacttcactaaagctaaacaccttcaaagctgttatacgcacccgaaggccagaaacccaatcacgaaagtggctttaaactaaccgaacccacgaaagctagggta
tank_000000158,species,Chromis viridis,0.993939394,Opisthokonta,Metazoa,Chordata,Actinopterygii,Perciformes,Pomacentridae,Chromis,Chromis viridis,'FJ616325',['Chromis viridis'],80977,0,0,0,0,0,0,0,0,0,1,0,0,0,1,0,0,0,261,57,389,969,1492,6,23,0,0,14,40,224,2,0,1422,97,0,0,0,3,727,994,0,8,0,0,0,2,10,5,173,1,0,0,1304,0,0,0,0,0,0,0,0,0,0,3,0,0,0,0,0,0,0,0,0,0,0,0,0,0,0,1361,0,0,0,0,0,0,0,10,0,0,0,0,0,0,0,0,0,0,0,2,0,0,165,1..150,2080,9601,gcggttatacgagaggctcaagttgacagtcaacggcgtaaagagtggttaaggaaacctaaaaactaaagccgaacgccctcagaactgttatacgtttccgaaggtatgaagccccactacgaaagtgactttactccccctgaccccacgaaagctgtgaaa
tank_000000242,species,Ptereleotris zebra,0.964285714,Opisthokonta,Metazoa,Chordata,Actinopterygii,Gobiiformes,Gobiidae,Ptereleotris,Ptereleotris zebra,'AF265389',['Ptereleotris zebra'],150319,0,0,0,0,0,0,0,0,0,0,0,0,0,0,0,0,0,0,0,0,0,0,0,0,0,0,0,0,0,0,0,0,0,0,0,0,0,0,0,0,0,0,0,0,0,0,0,0,0,0,0,0,0,0,0,0,0,0,0,0,0,0,0,0,0,0,0,0,0,397,0,0,0,0,0,0,0,0,0,0,0,0,0,0,0,0,0,0,0,0,0,0,0,0,0,0,0,0,0,0,0,163,1..150,144,397,gcggttatacgagaggcccgagttgacacaagccggcgtaaagagtggttaataatagataacctaaggtcgaacatcttcaaggctgtcatacgcgcccgaagacaggaagatcccccacgaaagtgacctcaacaattatgagcccacgaaagctagggaa
tank_000000252,species,Homo sapiens,1,Opisthokonta,Metazoa,Chordata,Mammalia,Primates,Hominidae,Homo,Homo sapiens,'AC062033',['Homo sapiens'],9606,0,0,0,0,0,0,0,0,0,0,0,0,0,0,0,0,0,441,0,0,0,0,0,0,0,0,0,0,0,0,0,0,0,0,0,0,0,0,0,0,0,0,0,0,0,0,1,0,0,0,0,0,0,0,0,0,0,0,0,0,0,0,1696,1547,0,0,0,2,0,125,0,0,0,0,0,0,0,0,0,0,0,0,0,0,0,0,0,0,0,0,0,0,0,0,0,0,0,0,0,0,0,163,1..150,771,3812,atgatcatacgattaacccaaactaataaaatctggtgaaaagcgtgtttaaggtaaacctacagtaaagctaaactccgtctaagctgtaaaaagcttcaactgaagtaaaaataaactacaaaagtgactttaacaccctgaaaacacgatagctaagact
tank_000000328,species,Naso elegans,1,Opisthokonta,Metazoa,Chordata,Actinopterygii,Acanthuriformes,Acanthuridae,Naso,Naso elegans,'KU244261',['Naso elegans'],238058,0,0,0,0,0,0,0,0,0,0,0,0,0,0,0,0,0,1,0,0,1,0,0,0,0,0,0,0,2,0,0,0,0,0,0,0,0,0,0,1,0,0,0,0,0,0,0,0,0,0,0,0,0,0,0,0,0,0,0,0,0,0,0,0,0,1035,0,675,0,227,0,0,0,0,0,0,0,0,0,0,0,0,0,0,0,0,0,0,0,0,0,0,0,0,0,0,0,0,0,0,0,166,1..150,463,1942,gcggttatacgagagacccaagttgttagacaccggcgtaaagagtggttaggaaaactcattcaactagagccgaacaccttcaaagctgttatacgcacccgaaggtaagaagcccaactacgaaagtggctttatgttaactgaacccacgaaagctaggata
tank_000000528,clade,Bilateria,0.526595745,Opisthokonta,Metazoa,,,,,,,'AF285937',[],33213,0,0,0,0,0,0,0,0,0,0,0,0,0,0,0,0,0,0,0,0,0,0,0,0,0,0,0,0,0,0,0,0,0,0,0,0,0,0,0,0,0,0,0,0,0,0,0,0,0,0,0,0,0,0,0,0,0,0,0,0,0,0,0,0,0,0,0,0,0,0,0,0,0,0,0,0,0,0,0,0,0,0,0,0,0,0,0,20,0,0,0,0,0,0,0,0,0,0,0,0,0,144,1..150,6,20,ctgaggatcttctgacgccggagctgggaagccagcccctggtccctgacgatcagggtcagtgccggattccgggtgttgaggctgaaggcgttcatgaccgtttggttgaggtgatcgaacctcttctcctgccggaccagc
tank_000000556,species,Pangasianodon hypophthalmus,1,Opisthokonta,Metazoa,Chordata,Actinopterygii,Siluriformes,Pangasiidae,Pangasianodon,Pangasianodon hypophthalmus,'KC846907',['Pangasianodon hypophthalmus'],310915,0,1,3,0,2,0,0,2,3,6,0,0,1,0,0,0,0,0,3,8,0,9,4,0,0,0,3,5,0,11,0,0,0,12,0,0,17,4,0,6,0,0,1,7,0,2,3,0,5,0,1,6,0,0,0,10,0,0,1,2,0,0,8,0,2,0,1,0,0,0,0,0,1,0,0,7,0,0,14,1,1,0,3,0,0,3,2,0,1,5,0,0,0,5,0,0,80,11,89100,102597,364,169,1..150,19537,192344,gcggttatacgaaagaccccagttgataactacggcgtaaagggtggttaagggatataaaaataaagctaaagactctctaagccgtcatacgcactccgagagcacgaaaccctgacacgaaagtagctttaaacaaacttcacctgaccccacgaaagctaagaaa
tank_000000701,genus,Clupea,0.994047619,Opisthokonta,Metazoa,Chordata,Actinopterygii,Clupeiformes,Clupeidae,Clupea,,'MH194498',['Clupea pallasii'| 'Clupea harengus'],7949,0,0,0,0,0,0,0,0,0,0,0,0,0,0,0,0,0,0,0,0,0,0,0,0,0,0,0,0,0,0,0,0,0,0,0,0,0,0,0,0,0,0,0,0,0,0,0,0,0,0,0,0,0,0,0,0,0,0,0,0,0,0,0,0,0,240,0,0,0,0,0,0,0,0,0,0,0,0,0,0,0,0,0,0,0,0,0,0,0,0,0,0,0,0,0,0,0,0,0,0,0,168,1..150,70,240,gcggttatacgagagaccctagttgatatattcggcgtaaagagtagttatggaaaacaagcactaaagccaaagagccctcaggccgttatacgcacccggggcctcgaaccactatcacgaaagtagctttaccctcgcccaccagaacccacgagagctgggaca
tank_000000880,species,Brevoortia tyrannus,1,Opisthokonta,Metazoa,Chordata,Actinopterygii,Clupeiformes,Clupeidae,Brevoortia,Brevoortia tyrannus,'AP009618',['Brevoortia tyrannus'],224708,0,0,0,0,0,2,0,0,0,4895,0,0,0,0,0,0,0,3,1,4,0,0,1,0,0,0,0,2,0,1,0,0,0,1,0,0,0,1848,0,291,0,0,0,0,0,0,0,55,0,0,0,0,0,0,0,0,568,3,1,0,0,0,0,0,0,0,0,0,0,2,0,0,0,0,0,2306,0,0,0,0,0,0,0,0,0,0,0,0,0,0,0,0,0,0,0,0,0,0,5,3,0,169,1..150,1282,9992,gcggttatacgagaggccctagttgattcactcggcgtaaagagtggttatggagaactaaatactaaagccgaagaccccttaggccgtcatacgcacctaggggttcgaattatatacacgaaagtagctttaccctttcccaccagaacccacgacagccgggaca
tank_000001101,species,Mallotus villosus,0.993902439,Opisthokonta,Metazoa,Chordata,Actinopterygii,Osmeriformes,Salangidae,Mallotus,Mallotus villosus,'HM106491',['Mallotus villosus'],30960,0,0,0,0,0,1,0,0,2,0,0,0,0,0,0,0,0,0,0,0,0,0,0,0,0,0,0,8757,0,2,0,0,385,1,0,0,0,1,0,0,0,0,0,0,0,0,0,0,0,0,2,0,0,0,0,0,0,0,0,0,0,0,0,0,0,0,0,0,0,183,0,0,0,0,0,0,0,0,0,0,0,0,0,0,0,0,0,0,0,0,0,0,5,0,0,0,0,0,3,4,0,164,1..150,1058,9346,gcggttatacgagtggcccaagttgaaagttaccggcgtaaagagtggttagggaaaaaataaactaaagtcgaacaccccctaggctgttatacgcttctgggggaacgaagccccactacgaaggtggctttaatacacctgaacccacgacaactaagata
tank_000001330,species,Centropyge loriculus,1,Correct_manually,Correct_manually,Correct_manually,Correct_manually,Correct_manually,Pomacanthidae,Centropyge,Centropyge loriculus,'AP006006',['Centropyge loriculus'],586789,0,0,0,0,0,0,0,0,0,0,0,0,0,0,0,0,0,0,0,0,0,0,0,0,0,0,0,0,0,0,0,0,0,0,0,0,0,0,0,0,0,0,0,0,0,0,0,0,0,0,0,0,0,0,0,0,0,0,0,0,0,0,0,0,0,0,0,0,0,317,0,0,0,0,0,0,0,0,0,0,0,0,0,0,0,0,0,0,0,0,0,0,0,0,0,0,0,0,0,0,0,164,1..150,122,317,gcggttatacgagaggcccaagttgttaaacaccggcgtaaagcgtggttaagaagacttttcactagagccaaacaccttccatactgttatacgttcacgaagataggagacccgatcacgaaagtagctttacaaaatctgaacccacgaaagctaggaaa
tank_000001341,clade,Bilateria,0.520547945,Opisthokonta,Metazoa,,,,,,,'AP011242',[],33213,4,0,0,0,0,0,0,0,0,0,0,0,0,0,0,0,0,0,0,0,0,0,0,0,0,0,0,0,0,0,0,0,0,0,0,0,0,0,0,0,0,0,0,0,0,0,0,0,0,0,0,0,0,0,0,0,0,0,0,0,0,0,0,0,0,0,0,0,0,0,0,0,0,0,0,0,0,0,0,0,0,2,0,0,0,0,0,0,0,0,0,0,0,0,0,0,0,0,0,0,0,196,1..150,3,6,taagcacgccgcacggtcctttcgctgactttgaacaggcgtgcgatctccgggacagctcggtgttcttggtctcgcatgtgccgcacctcttccttctgcgcagttgtcagggcagggggcctgcccccaatccggccacgcttgcgcgcagacgccagaccttctttggtccgttcggaaatccgctcccgtt
tank_000001384,species,Zebrasoma flavescens,1,Opisthokonta,Metazoa,Chordata,Actinopterygii,Acanthuriformes,Acanthuridae,Zebrasoma,Zebrasoma flavescens,'AP006032',['Zebrasoma flavescens'],175439,0,0,1,0,0,0,0,0,0,4975,0,0,0,0,0,0,0,5,0,9591,1,813,0,0,0,0,0,0,0,3,0,12,0,4,0,0,0,0,0,1,0,0,0,0,0,1,0,0,0,0,0,0,0,0,0,1,0,0,0,0,0,0,0,0,1,268,0,1,0,40,0,0,0,0,0,1,0,0,0,0,0,0,0,0,0,0,0,0,1,0,0,0,0,0,0,0,0,0,3,7,0,165,1..150,183,15730,gcggttatacgagagacccaagttgttagacaccggcgtaaagagtggttaggtactattacttactaaagccgaacaccttcaaagctgttatacgcacctgaagataggaagttcaaccacgaaagtggctttatacttactgaacccacgaaagctaagaca
tank_000001517,species,Astropecten armatus,0.710227273,Opisthokonta,Metazoa,Echinodermata,Asteroidea,Paxillosida,Astropectinidae,Astropecten,Astropecten armatus,'FJ171785',['Astropecten armatus'],563618,0,0,0,0,0,0,0,0,0,0,0,0,0,0,0,0,0,0,0,0,0,0,0,0,0,0,0,0,0,0,0,0,0,0,0,0,0,0,0,0,0,0,0,0,0,0,0,0,0,0,0,0,0,0,0,0,0,0,0,0,0,0,0,0,0,0,0,0,0,0,0,0,0,0,0,0,0,0,0,17,0,0,0,0,0,0,0,0,0,0,0,0,0,0,0,0,0,0,0,0,0,151,1..150,9,17,gcggttatacataaggtcacagtcaagaacaaacggtaaaaaggtgaccacaaattggggataaaaataactccagcagtaacaagctcacagaacactaaaaactacaccaaccccaattctcccaaacaaagccaccaaagctcaaaaa
tank_000001747,genus,Chrysiptera,0.981707317,Opisthokonta,Metazoa,Chordata,Actinopterygii,Perciformes,Pomacentridae,Chrysiptera,,'FJ616331',['Chrysiptera oxycephala'| 'Chrysiptera springeri'],80978,0,0,0,0,0,0,0,0,0,0,0,0,0,0,0,0,0,0,0,0,0,0,0,0,0,0,0,0,0,0,0,0,0,0,0,0,0,0,0,0,0,0,0,0,0,0,0,0,0,0,0,0,0,0,0,0,0,0,0,0,0,0,0,0,0,0,0,367,0,201,0,0,0,0,0,0,0,0,0,0,0,0,0,0,0,0,0,0,0,0,0,0,0,0,0,0,0,0,0,0,0,164,1..150,192,568,gcggttatacgagaggctcaagttaacagaaaacggcgtaaggagtggttagggaaatctttaaactaaagccgaacgtcctcaaagctgtcgaacgcttccgagttaagaagccccactacgaaagtagctttaccttacctgaccccacgaaagctgtgaaa
tank_000002022,clade,Bilateria,0.538461538,Opisthokonta,Metazoa,,,,,,,'MF186322',[],33213,0,0,0,0,0,0,0,0,0,0,0,0,0,0,0,0,0,0,0,0,0,0,0,0,0,0,0,0,0,0,0,0,0,0,0,0,0,0,0,0,0,0,0,0,0,0,0,0,0,0,0,0,0,0,0,0,0,0,0,0,0,0,0,0,0,0,0,0,0,0,33,0,0,0,0,0,0,0,0,0,0,0,0,0,0,0,0,0,0,0,0,0,0,0,0,0,0,0,0,0,0,180,1..150,10,33,agccagaaaaaccgttgcgatccacggccatgattttggagtcagcgaggtctggaatgctgcgggcggagtcctctcggcgggcaaaaatggttgcaccggtgcgatcgatggactggccctcccacatctcggccagtcccagaattgcgcgggctctccactcgacttcggcggcca
tank_000002085,species,Homo sapiens,1,Opisthokonta,Metazoa,Chordata,Mammalia,Primates,Hominidae,Homo,Homo sapiens,'AC002087',['Homo sapiens'],9606,0,0,0,0,0,0,0,0,0,0,0,0,0,237,0,0,0,0,0,0,0,0,0,0,0,0,0,0,0,0,0,0,0,0,0,0,0,0,0,0,0,0,0,0,0,0,0,0,0,0,0,0,0,0,0,0,0,0,0,0,0,0,0,0,0,0,0,0,0,0,0,0,0,0,0,0,0,0,2001,0,0,0,0,0,0,0,0,0,0,0,0,0,0,0,0,0,0,0,0,0,0,162,1..150,498,2238,gcagccatacagttaacacgagctaataaaactcagtgtaaagagtgtttaaggtctaccctcaataaagctaagttccatctaagttgtaaaaaactccagctgaagtaaaatgtactacgaaagtggctttaatatcctgaagacacaatagctaagacc
tank_000002653,genus,Trachurus,0.993975904,Opisthokonta,Metazoa,Chordata,Actinopterygii,Carangiformes,Carangidae,Trachurus,,'AP003091',['Trachurus japonicus'| 'Trachurus trachurus'],36211,0,0,0,0,0,0,0,0,0,0,0,0,0,0,0,0,0,0,0,0,0,0,0,0,0,0,0,0,0,0,0,0,0,0,0,0,0,0,0,0,0,0,0,0,0,0,0,0,0,0,0,0,0,0,0,0,0,0,0,0,0,0,0,0,0,0,0,0,0,80,0,0,0,0,0,0,0,0,0,0,0,0,0,0,0,0,0,0,0,0,0,0,0,0,0,0,0,0,0,0,0,166,1..150,36,80,gcggttatacgagaggctcaagttgacagacaacggcgtaaagagtggttaaggaaaacatttaactaaagcggaaccccctcattgctgttatacgcttccgagggaatgaaccccaactacgaaggtggctttatattaacctgaacccacgaaagctaagaaa
tank_000002756,clade,Bilateria,0.541666667,Opisthokonta,Metazoa,,,,,,,'DQ502261',[],33213,0,0,0,0,0,0,0,0,0,0,0,0,0,0,0,0,0,0,0,0,13,0,0,0,0,0,0,0,0,0,0,0,0,0,0,0,0,0,0,0,0,0,0,0,0,0,0,0,0,0,0,0,0,0,0,0,0,0,0,0,0,0,0,0,0,0,0,0,0,0,0,0,0,0,0,0,0,0,0,0,0,0,0,0,0,0,0,0,0,0,0,0,0,0,0,0,0,0,0,0,0,150,1..150,1,13,cgtctgttcctgcatgtgctgcccgtcgcacgatcgattttgctgtctttaccgcgctttcagcttttctgttggactgtgggtattctgggctgcatgtacagtgctgaaacccccactctgtagcgagctctgtgaaggctgtactgg
tank_000002821,clade,Bilateria,0.544444444,Opisthokonta,Metazoa,,,,,,,'AP002923',[],33213,0,0,0,0,0,0,0,0,0,0,2,0,0,0,0,0,0,0,0,0,0,0,0,4,0,0,0,0,0,0,0,0,0,0,0,0,0,0,0,0,0,0,0,0,0,0,0,0,0,0,0,0,0,0,0,0,0,0,0,0,0,0,0,0,0,0,0,0,0,0,0,0,0,0,0,0,0,0,0,0,0,0,0,0,0,0,0,0,0,0,15,0,0,0,0,0,0,0,0,0,0,143,1..150,10,21,cctcaagcagaagccgcaccaacgcctgctccagccgcggcagcgcccgcgccggcctctgcgtccacacctgctccggccgcgaatgcatcggtggatcaatcccaagtgtacgccggcccagccgttcgtaagcttgcccg
tank_000002905,species,Homo sapiens,1,Opisthokonta,Metazoa,Chordata,Mammalia,Primates,Hominidae,Homo,Homo sapiens,'AC074322',['Homo sapiens'],9606,0,0,0,0,0,0,0,0,0,0,0,0,0,191,0,0,0,0,0,0,0,0,0,0,0,0,0,0,0,0,0,0,0,0,0,0,0,0,0,0,0,0,0,0,0,0,0,0,0,0,0,0,0,0,0,0,0,0,0,0,0,0,0,0,0,0,0,0,0,0,0,0,0,0,0,0,0,0,0,0,0,0,0,0,0,0,0,0,0,0,0,0,0,0,0,0,0,0,0,0,0,162,1..150,62,191,gcggccatacgattaacccaagctaataaaactcggcataaagagtgtttaaggtcttcagtcaacaaagttaagctctatctaaatcgtaaaaatctccagctgaaataaaatatactacgaaagggactttaatgtcctgaggacacaacagctaaggca
tank_000003606,clade,Bilateria,0.537777778,Opisthokonta,Metazoa,,,,,,,'AB686161',[],33213,0,0,0,0,0,0,0,0,0,0,0,0,0,0,0,0,0,0,0,0,0,0,0,0,0,0,0,0,0,0,0,0,0,0,0,0,0,0,0,0,0,0,0,0,0,0,0,0,0,0,0,0,0,0,0,0,0,0,0,0,0,0,0,0,0,0,0,0,0,0,0,0,0,0,0,0,0,0,0,0,0,0,0,0,28,0,0,0,0,0,0,0,0,0,0,0,0,0,0,0,0,203,1..150,12,28,ttactcatcccaaaacaagctcacaccctaatggaggaaacaatggacatcgttgaagcgctaaaggcctcactcactgatccgatgattatctgggcagaagtcgcctcatttttaccgaacctgtttggcgccgtcatgctactgctggtgggtcactttttaggtaaattagtcggcggcatcatcacccgcatactcaa
tank_000003628,clade,Bilateria,0.551111111,Opisthokonta,Metazoa,,,,,,,'HQ290986',[],33213,0,0,0,0,0,0,0,0,0,0,0,0,0,0,0,1,0,0,0,0,0,0,0,0,0,0,0,0,0,7,0,0,0,0,0,0,0,0,0,0,0,0,0,0,0,0,0,0,0,0,0,40,0,0,0,0,0,87,0,0,0,0,0,0,0,0,0,0,0,0,0,0,0,0,0,0,0,0,11,0,0,0,0,0,0,0,0,0,0,0,0,0,0,0,0,0,0,0,0,0,0,214,1..150,54,146,acattcgctggatgtgggcgtctcatgtggtacatcactcttcagaaacgctgaatctcagcacagcctttcgtcagagtttgacgtatccaatctctggtatgtgggttttctggttgccgctaatgtttcttggcttccaaccggaaaccgtaatcgctgtcgtattgattaatctcgcttatcagttttttgtacacacacaatgtgtcga
tank_000003696,genus,Chelmon,1,Opisthokonta,Metazoa,Chordata,Actinopterygii,Chaetodontiformes,Chaetodontidae,Chelmon,,'EF616876',[],109904,0,0,0,0,0,0,0,0,0,0,0,0,0,0,0,0,0,0,0,0,0,0,0,0,0,0,0,0,0,0,0,0,0,0,0,0,0,0,0,0,0,0,0,0,0,0,0,0,0,0,0,0,0,0,0,0,0,0,0,0,0,0,0,0,0,0,0,0,0,100,0,0,0,0,0,0,0,0,0,0,0,0,0,0,0,0,0,0,0,0,0,0,0,0,0,0,0,0,0,0,0,164,1..150,38,100,gcggttatacgagaggcccaagttgttagttgtcggcgtaaagagtggttaagacaaaaataaactaaagccgaatgccctcagaactgttatacgttcccgaaggtaagaagcccaactacgaaagtggctttatgagatctgatcccacgaaagctagggta
tank_000005093,genus,Chromis,1,Opisthokonta,Metazoa,Chordata,Actinopterygii,Perciformes,Pomacentridae,Chromis,,'FJ616320',[],80974,0,0,0,0,0,0,0,0,0,0,0,0,0,0,0,0,0,0,0,0,0,0,0,0,0,0,0,0,0,0,0,0,0,0,0,0,0,0,0,0,0,0,0,0,0,0,0,0,0,0,0,0,0,0,0,0,0,0,0,0,0,0,0,0,0,0,0,27,0,0,0,0,0,0,0,0,0,0,0,0,0,0,0,0,0,0,0,0,0,0,0,0,0,0,0,0,0,0,0,0,0,165,1..150,14,27,gcggttatacgagaggctcaagttgatagacagcggcgtaaagagtggttaaggaaacttttaaactaaagccgaaggccctcagaactgttatacgtttccgaaggtatgaagccccaccacgaaagtggctttattccccctgaccccacgaaagctgtgaaa
tank_000005517,clade,Bilateria,0.555,Opisthokonta,Metazoa,,,,,,,'JX287470',[],33213,0,0,0,0,0,0,0,0,0,0,0,0,0,0,0,0,0,0,0,0,0,0,0,0,0,0,0,0,0,0,0,0,0,0,0,0,0,0,0,0,0,0,0,0,20,0,0,0,0,0,0,0,0,0,0,0,0,0,0,0,0,0,0,0,0,0,0,0,0,0,0,0,0,0,0,0,0,0,0,0,0,0,0,0,0,0,0,0,0,0,0,0,0,0,0,0,0,0,0,0,0,167,1..150,8,20,aaaaacaaagtgcctgaagatgctgcggtcttggtgattgcaggtcctgaaaaacccttgactgctgaagaatcacaggccgttgaggattattttatgcagcgcaaaggcaaaattatgctgatgttgcaggcgcgctacgataccggcttagaaaaactcatggc
tank_000006148,clade,Bilateria,0.54679803,Opisthokonta,Metazoa,,,,,,,'KF766050',[],33213,0,0,0,0,0,0,0,0,0,0,0,0,0,0,0,0,0,0,0,0,0,0,0,0,0,0,0,0,0,0,0,0,0,0,0,0,0,0,0,0,0,0,0,0,0,0,0,0,0,0,0,0,0,0,0,0,0,0,0,0,0,0,0,0,0,0,0,0,0,0,0,0,0,0,0,0,0,0,0,0,0,0,0,0,0,0,0,12,0,0,0,0,0,0,0,0,0,0,0,0,0,176,1..150,3,12,gtggagtgcggaagacagcgtccccacaccacaaagtggccacttcgggcacaacgctcgcccagcggggtgctgtgccacgccggcgcccagccttcatcgcgcaagacagcggggtcataccgcagcatcccggtgcatcgagggcatttccgcgagccgctctccaccgacgc
tank_000006238,clade,Bilateria,0.570707071,Opisthokonta,Metazoa,,,,,,,'AY326025',[],33213,0,313,0,0,4738,0,0,1,3692,0,0,4,0,0,0,317,0,0,1404,0,4,1744,0,0,0,0,392,0,0,1065,0,0,167,0,0,0,15,0,0,3625,0,1,1555,1,3,4005,0,0,797,0,176,0,0,0,0,3281,0,0,2557,0,0,174,0,0,0,0,0,0,0,4,3,0,0,0,2,1,0,95,1,3,0,0,73,0,1,293,1,0,13,0,0,0,0,0,0,0,0,0,0,4,0,163,1..150,4177,30525,atcaaggtttgaagcagtgcttatacagatactagtctcatggtcagagtatgaaaccatgctattttagcaatcacagagctttcagctggtacataatatgctagctccgttttcagcaatagtattctaaacgatgccaaaccttcaaggcccacacctc
tank_000006654,clade,Bilateria,0.553191489,Opisthokonta,Metazoa,,,,,,,'HM063549',[],33213,0,0,0,0,0,0,0,0,0,0,0,0,0,0,0,0,0,0,0,0,0,0,0,0,0,0,0,0,0,0,0,0,0,0,0,0,0,0,0,0,0,0,0,0,0,0,0,0,0,0,0,0,0,0,0,0,0,0,0,0,0,0,0,0,0,0,0,0,0,0,0,0,0,0,0,0,0,0,0,0,0,0,0,0,0,0,0,0,0,0,2,0,0,0,0,0,0,0,0,0,0,216,1..150,2,2,cctgtgcaaacaggatgttgccgctgaactcattctcagtgcccgaacaatcgatgcaaacgaggccaaagacgcaggcttaatcacgcgcatcaccgaagattgccaagcggccgccctggaacttgcggaaacgattgcgcgcaaatcccccgaggccattcgcgcggcgaaaaccctgtaccaaagcgcgtggcaaaccgatcccagtcttct
tank_000007238,clade,Bilateria,0.575,Opisthokonta,Metazoa,,,,,,,'AB435257',[],33213,0,129,0,0,0,0,0,0,239,0,0,0,0,0,0,457,0,0,0,0,1,302,0,0,0,0,0,0,0,20,0,0,62,0,0,0,0,0,0,0,0,0,0,0,1,1232,0,0,220,0,85,0,0,0,0,1,0,0,0,0,0,183,0,0,0,0,0,0,0,0,0,0,0,0,0,0,0,24,0,0,0,0,2,0,0,0,0,0,1,0,0,0,0,0,0,0,0,0,0,0,0,171,1..150,723,2959,atcaaggtttgaagcactgcttatacagatgctagtctcatggtcagagtatgaaaccatgctattttttttaattagcaatcacagagctttcagctggtatataatatgctagctccgttttcagcaatagtattctaaacgatgccaaaccttcaaggcccacacctc
tank_000007258,clade,Bilateria,0.533018868,Opisthokonta,Metazoa,,,,,,,'AF447992',[],33213,0,0,0,0,0,0,0,0,0,0,0,0,0,0,0,0,0,0,0,0,0,0,0,0,0,0,0,0,0,0,0,0,0,0,0,0,0,0,0,0,0,0,0,0,0,0,0,0,0,0,0,0,0,0,0,0,0,0,0,0,0,0,0,0,0,0,0,0,0,0,0,0,0,0,0,0,0,0,0,14,0,0,0,0,0,0,0,0,0,0,0,0,0,0,0,0,0,0,0,0,0,185,1..150,7,14,ctggcgacatgcccagctcagttcccatcgcctcccagcttaggtcctttgccaacttggccgcgataattgtttccgtcatggttagcttatccatcatcactccttcagcaatatcagctggctgcctgcaccgggattggcgcaggtttaagaatttttttttcagtctcatctgcactgag
tank_000007440,clade,Bilateria,0.566502463,Opisthokonta,Metazoa,,,,,,,'MK060131',[],33213,0,0,0,0,0,0,0,0,0,0,0,0,0,0,0,0,0,0,0,0,0,128,0,0,0,0,0,0,0,0,0,0,0,0,0,0,0,0,0,0,0,0,0,0,0,668,1,0,305,0,26,0,0,0,0,0,0,0,0,0,0,93,0,0,0,0,0,0,0,0,0,0,0,0,0,0,0,0,0,0,0,0,0,0,1,0,0,0,2,0,0,0,0,0,0,0,0,0,0,0,0,166,1..150,230,1224,gcctcctcgagcccgagttccagctcgtagcggagatcggcgccgcgatagacgcgctgtccgccgccgcgcccgccgaagatgtcaccgaatacctcgtcgaatatgtcgcgaaatccggcgccgcccgagaaccctccaccgctcgcatccaccccggcgtgac
tank_000007898,clade,Bilateria,0.542105263,Opisthokonta,Metazoa,,,,,,,'AP006229',[],33213,0,0,0,0,0,0,0,0,0,0,0,0,0,0,0,0,0,0,0,0,0,0,0,0,0,0,0,0,0,0,0,0,0,0,0,0,0,0,0,0,0,0,0,0,0,0,0,0,0,0,0,0,0,0,0,0,0,0,0,0,0,0,0,0,0,0,0,0,0,0,0,0,0,0,0,0,0,0,0,0,0,0,0,0,0,0,0,43,0,0,0,0,0,0,0,0,0,0,0,0,0,152,1..150,18,43,acccacccggtgaccgacatcgcattgccggcggcgccccgggtgaagattcgttcgcgcccgctgggatcggagtcgtcgagcgcggaggcggcggttcctgccaggatgaggcccgtaaccccggaagccaggccgagtccggcgatcgc
tank_000007946,clade,Bilateria,0.573684211,Opisthokonta,Metazoa,,,,,,,'AY158678',[],33213,0,0,0,0,0,0,0,0,0,0,0,0,0,0,0,0,0,0,0,0,0,0,0,0,0,0,0,0,0,0,0,0,0,0,0,0,0,0,0,0,0,0,0,0,0,0,0,0,0,0,0,0,0,0,0,0,0,0,0,0,4,0,0,0,0,0,0,0,0,0,0,0,0,0,0,0,0,0,0,0,0,0,0,0,0,0,0,0,0,0,0,0,0,0,0,0,0,0,0,0,0,144,1..150,4,4,gccacactgcaaaataaaccaactcagtagcaaactgggtcctccccgccagccaccgccatactacaaaataaaccaactcagtagcaaactgggtcctccccaccagccaccaccacactgcaaaataaaccaactcagtag
tank_000009079,clade,Bilateria,0.555555556,Opisthokonta,Metazoa,,,,,,,'KC747657',[],33213,0,0,0,0,0,0,0,0,0,0,0,0,0,0,0,0,0,0,0,0,0,0,0,0,0,0,0,0,0,0,0,3,0,0,0,0,0,0,0,0,0,0,0,0,0,0,0,0,0,0,0,0,0,0,0,0,0,0,0,0,0,0,0,0,0,0,0,0,0,0,0,0,0,0,0,0,0,0,0,0,0,0,0,0,0,0,0,0,0,0,0,0,0,0,0,0,0,0,0,0,0,147,1..150,1,3,agtcaccgtccagaggatgaaacccagaacaccgacatgcagcaccgcgaagtagatctcatccaacgcatgaaccggcgcggttgcaatgaaacccaggttcatgaccgcaacgacagcgctggcccatctgaccattttgtctgg
tank_000010874,species,Pseudanthias squamipinnis,0.892215569,Opisthokonta,Metazoa,Chordata,Actinopterygii,Perciformes,Serranidae,Pseudanthias,Pseudanthias squamipinnis,'AP006795',['Pseudanthias squamipinnis'],270578,0,0,0,0,0,0,0,0,0,0,0,0,0,0,0,0,0,0,0,0,0,0,0,0,0,0,0,0,0,0,0,0,0,0,0,0,0,0,0,0,0,0,0,0,0,0,0,0,0,0,0,0,0,0,0,0,0,0,0,0,0,0,0,0,0,0,0,2,0,0,0,0,0,0,0,0,0,0,0,0,0,0,0,0,0,0,0,0,0,0,0,0,0,0,0,0,0,0,0,0,0,165,1..150,1,2,gcggttatacggggagcccaagttgatagccgccggcgtaaagcgtggttaagataagacatatactaaagccgaacgcaaactaagctgttatacgtttactgaaggtaggaagttcaatcacgaaagtagctttatacaactgaccccacgaaagccagggca
tank_000016492,clade,Bilateria,0.565934066,Opisthokonta,Metazoa,,,,,,,'KT153629',[],33213,0,0,0,0,0,0,0,0,0,0,0,0,0,0,0,0,0,0,0,0,0,0,0,0,0,0,0,0,0,0,0,0,0,0,0,0,0,0,0,0,0,0,0,0,0,0,0,0,0,0,0,0,0,0,0,0,0,0,0,0,0,0,0,0,0,8,0,0,0,0,0,0,0,0,0,0,0,0,0,0,0,0,0,0,0,0,0,0,0,0,0,0,0,0,0,0,0,0,0,0,0,151,1..150,7,8,gccaggatgaccacacacacactcccccatcgcgatcgggcaagtccgcccacgacgttacggatccaccccacccccagcgagccactgcatcgacaggacccagccagcccacccggcgtgcttttcgcctcccaagcaaccgcgccgc
tank_000017816,species,Homo sapiens,1,Opisthokonta,Metazoa,Chordata,Mammalia,Primates,Hominidae,Homo,Homo sapiens,'AC024248',['Homo sapiens'],9606,0,0,0,0,0,0,0,0,0,0,0,0,0,0,0,0,0,0,0,0,0,0,0,0,0,0,0,0,0,0,0,0,0,0,0,0,0,0,0,0,0,0,0,0,0,0,0,0,0,0,0,0,0,0,0,0,0,0,0,0,0,0,0,0,0,0,0,0,0,0,0,0,0,0,0,0,0,0,0,0,0,0,0,0,0,0,0,0,0,0,0,0,13,0,0,0,0,0,0,0,0,166,1..150,6,13,gcgaccatatgattaacccgagctgacagaactcagcgtaaagagtgtttaattaaggtctaccctcaataaagctaaactccaattgagttgtaaaaaactacagctgaaataaaatatactacgaaagtggctttaataccctgaagacacaatagctaaaacc
tank_000018415,clade,Eutheria,0.934131737,,,,,,,,,'AP008444',['Elephantulus fuscipes'| 'Pan troglodytes'| 'Pan paniscus'| 'Homo sapiens'| 'Rhynchocyon petersi'],9347,0,0,0,0,0,0,0,0,0,0,0,0,0,0,0,0,0,0,0,0,0,0,0,0,0,0,0,0,0,0,0,0,0,0,0,0,0,0,0,0,0,0,0,0,0,0,0,0,0,0,0,0,0,0,0,0,0,0,0,0,0,0,0,0,0,0,0,0,0,0,0,0,0,0,0,0,0,0,0,0,0,0,0,0,0,0,0,0,0,0,0,1,0,1,0,0,0,0,0,0,0,167,1..150,1,2,gcggtcacacgattaacccaagtcaatagaagccggcgtaaagagtgttttagatcaccccctccccaataaagctaaaactcacctgagttgtaaaaaactccagttgacacaaaatagactacgagagtggctttctcatttctgttctcactttggctgtgacc
tank_000019114,family,Pomacanthidae,0.94047619,Correct_manually,Correct_manually,Correct_manually,Correct_manually,Correct_manually,Pomacanthidae,,,'KP018404',['Genicanthus semifasciatus'| 'Genicanthus lamarck'| 'Genicanthus melanospilos'],30862,0,0,0,0,0,0,0,0,0,0,0,0,0,0,0,0,0,0,0,0,0,0,0,0,0,0,0,0,0,0,0,0,0,0,0,0,0,0,0,0,0,0,0,0,0,0,0,0,0,0,0,0,0,0,0,0,0,0,0,0,0,0,0,0,0,0,0,1,0,3,0,0,0,0,0,0,0,0,0,0,0,0,0,0,0,0,0,0,0,0,0,0,0,0,0,0,0,0,0,0,0,167,1..150,1,4,gcggttatacgagtgagcccaagctgttagacaccggcgtaaagcgtggttaagatgatcccaatactaaagccgaacgccttccctactgttatacgtttactgaaggtaggaagttcaatcacgaaagtagctttataatatctgaacccacgaaagctagggta
tank_000020677,subfamily,Phasianinae,1,Opisthokonta,Metazoa,Chordata,Aves,Galliformes,Phasianidae,,,'AB086102',[],9072,4,1,3488,0,0,0,0,0,0,0,0,0,0,0,0,0,0,0,0,0,0,0,0,0,0,0,0,47,0,0,0,0,0,0,0,0,0,0,0,0,0,0,0,1819,0,0,0,0,0,0,0,0,0,0,0,0,0,0,2,0,0,0,0,0,0,0,0,0,0,0,0,0,0,0,0,0,0,0,0,0,0,0,0,0,0,0,0,0,0,0,0,0,0,0,0,0,0,0,0,0,0,176,1..150,867,5361,gcggtcatacaagaaacccaaatcaatagctacccggcgtaaagagtggccacatgttatctgcaccagctaagattaaaatgcaaccaagctgtcataagcctaagatccacctaaacccaacccaaatccatcttagcctcaacgattaattttaacccacgaaagctaggacc
tank_000021746,clade,Bilateria,0.558252427,Opisthokonta,Metazoa,,,,,,,'DQ679235',[],33213,0,0,0,0,0,0,0,0,0,0,0,0,0,0,0,0,0,0,0,0,0,0,0,1,0,0,0,0,0,0,0,0,0,0,0,0,0,0,0,0,0,0,0,0,2,0,0,0,0,0,0,0,0,0,0,0,0,0,0,0,0,0,0,0,0,0,0,0,0,0,0,0,0,0,0,0,0,0,0,0,0,0,0,0,0,0,0,0,0,0,0,0,0,0,0,0,0,0,0,0,0,181,1..150,2,3,gaagatagattcacaatgctgccgccgccggttttcttcatactgccaacaccgtatttactgcccaaaaatacactggtcatattgacactcatttgccggtcgtattcggccatcgtcatatcgtgcacggttcttaaaacggcgatgccggcgttgtttaccagcacatttaaacggc
tank_000026060,clade,Bilateria,0.573459716,Opisthokonta,Metazoa,,,,,,,'AP011594',[],33213,0,0,0,4,0,0,0,0,0,0,0,0,0,0,0,0,0,0,0,0,0,0,0,0,0,0,0,0,0,0,0,0,0,0,0,0,0,0,0,0,0,0,0,0,0,0,0,0,0,0,0,0,0,0,0,0,0,0,0,0,0,0,0,0,0,0,0,0,0,0,0,0,0,0,0,0,0,0,0,0,0,0,0,0,0,0,0,0,0,0,0,0,0,0,0,0,0,0,0,0,0,196,1..150,3,4,cggtatggcgcgatgaggtcgcggcgatgatgtcgacggaaaaactggtgacgctgacgcgcaaggccggtgcccgcatacacgttctccatatctcgaccgcgcaggagatgctctatctcgccaagcacaaggatgtggccagcgtcgaggcgacaccgcagcacctgacattggccggacccgacgcctgtga
tank_000027790,clade,Bilateria,0.56185567,Opisthokonta,Metazoa,,,,,,,'KX822153',[],33213,0,454,0,1,973,0,0,0,173,0,0,1,0,0,0,3,0,0,1,0,0,0,0,0,0,0,2,0,0,0,0,0,0,0,0,0,0,0,0,0,0,0,0,0,0,234,0,0,6,0,0,0,0,0,0,0,0,0,38,0,0,0,0,0,0,0,0,0,0,0,1,0,0,0,0,0,0,0,0,0,0,0,8,0,0,42,0,0,0,0,0,0,0,0,0,0,0,0,0,0,0,152,1..150,432,1937,tagctaaatatattgcggtatgaacctaccacaagcacatcctgggaaaagttccaccaccagctggccaggaaaggagagacagctcacaagcctcaaaagaagagttttgacagatgatgcatgaacgcaggatgaatcacgagctctct
tank_000031757,family,Pomacentridae,0.932515337,Opisthokonta,Metazoa,Chordata,Actinopterygii,Perciformes,Pomacentridae,,,'AB979697',[],30863,0,0,0,0,0,0,0,0,0,0,0,0,0,0,0,0,0,0,0,0,0,0,2,0,0,0,1,0,0,0,0,0,0,0,0,0,0,0,0,1,0,0,0,0,0,0,0,0,0,0,0,0,0,0,0,0,0,1,0,0,0,0,0,0,0,0,0,0,0,0,0,0,0,0,0,0,0,0,0,0,0,0,0,0,0,0,0,0,0,0,0,0,0,0,0,0,0,0,0,0,0,163,1..150,5,5,gccgttatatgaaaggctctagttcactgattatggcgtaaaaagtggttagggaaattttaaactaaagccaaacgtcctcaaagctgtttaacgctcccgagttaagaagatccattacgaaagtagctttacccatcctgaccccacgaaagccgtgaca
tank_000032984,clade,Bilateria,0.557603687,Opisthokonta,Metazoa,,,,,,,'DQ485794',[],33213,0,0,0,0,34,0,0,0,0,0,0,0,0,0,0,0,0,0,5,0,0,0,0,0,0,0,0,0,0,0,0,0,0,0,0,0,0,0,0,58,0,1,9,0,0,0,0,0,0,0,0,0,0,0,0,0,0,0,67,0,0,0,0,0,0,0,0,0,0,0,0,0,0,0,0,0,0,0,0,0,0,0,0,0,0,14,0,0,0,0,0,0,0,0,0,0,0,0,0,0,0,193,1..150,71,188,atacacaaacgtcactcatccatatcggcaagtgtggtggtggttcattgaaagcggcattacggacggctgggattgcagatgagcttcgcatttttcatgtccaacaaccagccttccggaagaacatgcggtacattattcttgccagaaaccctgttaaacgaacgatttcggcatttaactggcgcta
tank_000033258,species,Homo sapiens,1,Opisthokonta,Metazoa,Chordata,Mammalia,Primates,Hominidae,Homo,Homo sapiens,'AC090204',['Homo sapiens'],9606,0,0,0,0,0,0,0,0,0,0,0,0,0,0,0,0,0,0,0,0,0,1,0,0,1,0,0,0,0,1,0,0,0,0,0,0,0,0,0,0,0,0,0,0,0,0,0,0,0,0,0,0,0,0,0,0,0,0,0,0,0,0,4828,0,1583,0,0,0,0,0,0,0,0,0,0,0,0,0,0,0,0,0,0,0,0,0,1,0,0,0,0,0,0,0,0,0,0,0,0,1,0,156,1..150,977,6416,acacgattaacccgagctaatggaactcagcgtaaagagtgtttaaggtctgccctcaataaagttaaagcccatctaagttgtaaaaaactccagctgaaataaaatgtactacaaaagtagctttaataccctgaagacacaatagctaagacc
tank_000033289,clade,Bilateria,0.548387097,Opisthokonta,Metazoa,,,,,,,'KP013619',[],33213,0,0,0,0,0,0,0,0,0,0,0,0,0,0,0,0,0,0,0,0,0,0,0,0,0,0,0,0,0,0,0,0,0,0,0,0,0,0,0,0,0,0,0,0,0,0,0,0,57,0,0,0,0,0,0,344,0,0,0,0,0,73,0,0,0,0,0,0,0,0,0,0,0,0,0,0,0,1,0,0,0,0,0,0,0,0,0,0,3,0,0,0,0,0,0,0,0,0,0,0,0,142,1..150,100,478,attcctcggcacccagcagcatccgcgagtgagcgaattagctcgcaacgtacggaggcctggacatgcgtctcttcttcagcaagaatctcgaacgccagcgtaagcagggcgtcaccagaaagaatggcagtcgcttcat
tank_000033342,clade,Deuterostomia,0.585,Opisthokonta,Metazoa,,,,,,,'KU721838',[],33511,0,2,0,0,0,0,0,0,0,405,0,0,0,0,0,0,0,0,0,369,0,0,13,0,0,0,0,0,0,0,0,0,0,296,0,0,0,5,0,0,0,0,0,31,2,0,12,0,0,0,0,677,0,0,0,0,29,0,0,37,0,0,0,0,0,0,0,0,0,0,0,0,0,0,0,22,0,0,87,0,0,0,0,13,0,0,159,0,0,245,0,0,0,0,0,0,0,0,0,0,0,171,1..150,608,2404,ccctttgatataattttggatcagcccctgtatatacacacgcagctagtgggctccaatacaatttatgaccatctataaagctgtcatttccacacatagaatgaaggcatgcaccttaataaatttgcgagtgataaagctgcagagctaaccctgcatggtgtcatg
tank_000033356,clade,Bilateria,0.551351351,Opisthokonta,Metazoa,,,,,,,'AY372776',[],33213,0,1,0,0,0,0,0,0,0,0,0,0,0,0,0,0,0,0,0,0,0,1,0,0,0,0,0,0,0,0,0,0,0,0,0,0,0,0,0,1,0,0,0,0,0,0,0,0,0,0,0,0,0,0,0,0,0,0,0,0,0,0,0,0,0,0,0,0,0,0,0,0,0,0,0,0,0,0,7239,0,0,0,0,0,0,0,0,0,1,0,0,0,0,0,0,0,0,0,0,2,0,150,1..150,1147,7245,gcccaaaactcgccgaccctcgacgcacatcggctgctacatcgaaaatttctccctcgagcacccgaatcagctttccctgtggcctgttcacctgcgcatgaagaccgcgcaacgtccgccgcgtggagcgagaatagttatcttgca
tank_000033375,clade,Bilateria,0.551219512,Opisthokonta,Metazoa,,,,,,,'AP012955',[],33213,0,112,0,0,641,0,0,0,5,0,0,0,0,0,0,7,0,0,0,0,0,0,0,0,0,0,0,0,0,0,0,0,0,0,0,0,0,0,0,0,0,0,0,0,0,1,0,0,75,0,0,0,0,0,0,0,0,0,0,0,0,0,0,0,0,0,0,0,0,0,0,0,0,0,0,0,0,0,0,0,0,0,0,0,0,0,0,0,1,0,0,0,0,0,0,0,0,0,0,0,0,184,1..150,212,842,agtgtccgccgacgaactcaaggagaagccccagtccctcgtgggaaatgcagcttccgttgcggatcgcgacgcctccggcccaccagacgtccccgctccggacgagctccaagggtcgggagccggggaccgggataacctgcttctgcgactcgaacggcacgactgcgacctgcacccg
tank_000033429,clade,Bilateria,0.540106952,Opisthokonta,Metazoa,,,,,,,'EU547113',[],33213,0,0,0,0,0,0,0,0,0,0,0,0,0,0,0,0,0,0,0,0,0,0,0,0,0,0,0,0,0,0,0,0,0,0,0,0,0,0,0,0,0,0,0,0,0,0,279,0,0,0,0,0,0,0,0,0,0,0,0,0,0,0,0,0,0,0,0,0,0,0,0,0,0,0,0,0,0,0,0,0,0,0,0,0,0,0,0,0,0,0,0,0,0,0,0,0,0,0,0,0,0,161,1..150,67,279,cctagtatttcgccacccccaagtatccgcctgaagggcctcacattctggagcgtcctacacgtcggacgtttgatgccggtagggattgaacaacaagtagttcaaatgccggtacaaatcactgtcggcaagcagttgcgcgtgctttccctcgccga
tank_000033439,clade,Bilateria,0.554973822,Opisthokonta,Metazoa,,,,,,,'MG099108',[],33213,0,0,0,0,86,0,0,0,0,0,0,0,0,0,0,0,0,0,0,0,0,0,0,0,0,0,0,0,0,0,0,0,0,0,0,0,0,0,0,73,0,0,0,0,0,0,0,0,0,0,0,0,0,0,0,0,0,0,1090,0,0,0,0,0,0,0,0,0,0,0,0,0,0,0,0,0,0,0,0,0,0,0,0,0,0,15,0,0,0,0,0,0,0,0,0,0,0,0,0,0,0,149,1..150,225,1264,atagctaagcggtccgtagagcgctcgcaacgcttcccgatcgaccggatacaggcccgatgaaggtctcctcgcgaggagcgcagcatactcgtcgctaagctggtcttcaggaccaaataccctctcccctccgccgatgagactgt
tank_000033674,species,Homo sapiens,0.993975904,Opisthokonta,Metazoa,Chordata,Mammalia,Primates,Hominidae,Homo,Homo sapiens,'AC008434',['Homo sapiens'],9606,0,0,0,0,0,0,0,0,0,1,0,0,0,0,0,0,0,0,0,1,0,0,0,0,0,0,0,0,0,2,0,0,0,0,0,0,0,1,0,0,0,0,0,1765,0,423,0,0,0,0,0,1,0,0,0,2,0,0,0,0,0,0,0,181,0,0,0,0,0,0,0,0,0,0,0,0,0,0,0,0,0,0,1,0,0,0,0,0,0,0,0,0,0,2,0,0,0,0,0,0,0,166,1..150,7,2380,gcggtcacacgattaacccaagtcaatagaaaccggcgtaaagagtgttttagatcaattcccctcaataaagctaaaattcacctgagttgtaaaaaactccagttgatacaaaataaacgacgaaagtggctttaacgcatctgaacacacaatagctaagacc
tank_000033680,species,Homo sapiens,1,Opisthokonta,Metazoa,Chordata,Mammalia,Primates,Hominidae,Homo,Homo sapiens,'AC105921',['Homo sapiens'],9606,0,0,0,0,0,0,0,0,0,0,0,0,0,0,0,0,0,0,0,0,0,0,0,0,1,0,0,0,0,0,0,0,0,0,0,0,0,0,0,0,0,0,0,0,0,0,0,0,0,0,0,0,0,0,0,0,0,0,0,0,0,0,0,0,0,0,0,0,0,0,0,0,0,0,0,0,0,11,0,0,910,0,0,0,0,0,0,0,0,0,0,0,0,0,0,0,0,0,0,0,0,171,1..150,249,922,acagccatatgattaacacaagctaatagaactcggcataaagaatgtttaaggtctatcctcaataaagctaagttgtaaaaaactccatctaagttgtaaaaaactccagctgaaatcaaatgtactacaaagtggctttaataccctgaagacacaatagctaagacc
tank_000033726,clade,Bilateria,0.511764706,Opisthokonta,Metazoa,,,,,,,'KJ778884',[],33213,0,0,0,0,0,0,0,0,0,0,0,0,0,0,0,0,0,0,0,0,0,0,0,0,0,0,0,0,0,0,0,0,0,0,0,0,0,0,0,0,0,0,0,0,0,0,0,0,0,0,0,0,0,0,0,0,0,0,0,0,0,0,0,0,0,0,0,0,626,0,0,0,0,0,0,0,0,0,0,0,0,0,0,0,0,0,0,0,0,0,0,0,0,0,0,0,0,0,0,0,0,143,1..150,111,626,agcagtgcggcggatctgcacctggccattcgacccggcacggatctggtgttgctgcacggcatcggccacctgctgctgcgccaggccaccctggacttcgacttcattgaggggtgtacggaggggtttttctcctatgc
tank_000033846,clade,Bilateria,0.568527919,Opisthokonta,Metazoa,,,,,,,'JQ071621',[],33213,0,0,0,0,0,0,0,0,0,0,0,0,0,0,0,0,0,0,0,0,0,0,0,0,0,0,0,0,0,0,0,0,0,0,0,0,0,0,0,0,0,0,0,0,0,0,0,0,0,0,0,0,0,0,0,195,0,0,0,0,0,0,0,0,0,0,0,0,0,0,0,0,0,0,0,0,0,0,0,0,0,0,0,0,0,0,0,0,0,0,0,0,0,0,0,0,0,0,0,0,0,158,1..150,59,195,tatctaaatatattgcaggtatgaacctaccacaagcacatcggatcctgggaaaagttccaccaccagctggccaggaaaagagagacagctcacaagcctcaaaagaagacttttgatagatgatgcatgaacgcaggatgaatcgcgagctctct
tank_000033873,species,Homo sapiens,1,Opisthokonta,Metazoa,Chordata,Mammalia,Primates,Hominidae,Homo,Homo sapiens,'AL355887',['Homo sapiens'],9606,0,0,0,0,0,0,0,0,0,0,0,0,0,0,0,0,0,0,0,0,0,0,0,0,0,0,0,0,0,0,0,0,0,0,0,0,0,0,0,0,0,0,0,0,0,0,0,0,0,0,0,0,0,0,0,0,0,0,0,0,0,0,0,0,0,0,0,0,0,0,0,0,0,0,0,0,0,0,0,0,0,0,0,0,0,0,0,0,0,0,0,0,0,0,573,0,0,0,0,0,0,163,1..150,141,573,acagccatatgattaacgcaagctaatagaactcggcctaaagcgtgtttaaggtctgccctcaataaacctaaactccatctaagttgtaaaaaaactttagctgaaataaaatatactacgaaagtggctttagtatcttgaagacacaatagctaagact
tank_000033961,clade,Bilateria,0.561497326,Opisthokonta,Metazoa,,,,,,,'MG909663',[],33213,0,0,0,0,189,0,0,0,0,0,0,0,0,0,0,0,0,0,1,0,0,0,0,0,0,0,0,0,0,0,0,0,0,0,0,0,0,0,0,0,0,0,0,0,0,0,0,0,0,0,0,0,0,0,0,0,0,0,0,0,0,0,0,0,0,0,0,0,0,0,0,0,0,0,0,0,0,0,0,0,0,0,0,0,0,0,0,0,0,0,0,0,0,0,0,0,0,0,0,0,0,155,1..150,62,190,ctgagtgaagcaacagaaagtgaagagagaacaacttccactccatcagaagggggctcattattgggacctaaaatgagggtacaagaaatatagagtccagttaagaagtgtagagcatgtattcatacatgtatgtgtacttatggtacctg
tank_000034039,clade,Deuterostomia,0.576530612,Opisthokonta,Metazoa,,,,,,,'MK294164',[],33511,0,0,0,0,0,0,0,0,0,0,0,0,0,0,0,0,0,0,0,0,0,0,0,0,0,0,0,0,0,0,0,0,0,0,0,0,0,0,0,0,0,0,0,0,0,0,0,0,0,0,0,0,0,0,0,0,0,0,0,0,0,39,0,0,0,0,0,0,0,0,0,0,0,0,0,0,0,0,0,0,0,0,0,0,0,0,0,0,0,0,0,0,0,0,0,0,0,0,0,0,0,155,1..150,17,39,gccgcgcaccaggcccaagtagacgcgtcccggcgccaagtccgccagcaatgccgtgcccgcggcgatatccagcgggtgcatgcgcgaagggggaatgccggaaggaccgatgcgcgccttcgagatatgcggcgccatgagcaggagcggac
tank_000034047,clade,Bilateria,0.566037736,Opisthokonta,Metazoa,,,,,,,'DQ283053',[],33213,0,0,0,0,64,0,0,0,79,0,0,0,0,0,0,39,0,0,1,0,0,7,0,0,0,0,36,0,0,0,0,0,0,0,0,0,0,0,0,0,0,0,0,0,0,217,0,0,44,0,3,0,0,0,0,76,0,0,0,0,0,14,0,0,0,0,0,0,0,0,0,0,0,0,0,0,0,5,0,0,0,0,0,0,0,0,0,0,1,0,0,0,0,0,0,0,0,0,0,0,0,193,1..150,202,586,gtagcttatggctgcctgcactgctgggaagaaggccttgatagcctataaaggaagaacactgagtgcactaacttaataaacaagctgacctcactcacgtctgggttggtaacgtctggtgttcctactgagaagcacccaatgactgctctcagcccatgtgctgccatgagctccactctggcctcct
tank_000034138,clade,Bilateria,0.56043956,Opisthokonta,Metazoa,,,,,,,'MG909663',[],33213,0,0,0,0,0,0,0,76,0,0,0,0,0,0,0,0,0,0,0,0,0,0,0,0,0,0,0,0,0,0,0,0,0,0,0,0,0,0,0,0,0,0,0,0,0,0,0,0,0,0,0,0,0,0,0,0,0,0,0,0,0,0,0,0,0,0,0,0,0,0,0,0,0,0,0,0,0,0,0,0,0,0,0,0,0,0,0,0,0,0,0,0,0,0,0,0,0,0,0,0,0,148,1..150,23,76,tgctgcttgacaaatacgacatctttgtccagcatatcaatcaccctactgtcccagtcggtactgaacgtttaaggattaccccaactccactgcataccgacgaaatgatcgactatcttattgatgctctggttagcgtatttga
tank_000034246,clade,Bilateria,0.563157895,Opisthokonta,Metazoa,,,,,,,'AY862182',[],33213,0,0,0,0,0,0,0,0,0,0,0,0,0,0,0,126,0,0,0,0,0,0,0,0,0,0,0,0,0,0,0,0,0,0,0,0,0,0,0,0,0,0,0,0,0,0,0,0,0,0,0,0,0,0,0,0,0,0,0,0,0,0,0,0,0,0,0,0,0,0,0,0,0,0,0,0,0,0,0,0,0,0,0,0,0,0,0,0,0,0,0,0,0,0,0,0,0,0,0,0,0,159,1..150,42,126,ctgagagaagcaacagaaagtgaagaaagaacaacttccactccatcagaagggggctcattattgggacctaaaatgagagtacaagaaataaaaagtccagctaagaattaagtgtagagcatgtattcatacatgtatgtgtacttatggtacctg
tank_000034359,species,Homo sapiens,0.950617284,Opisthokonta,Metazoa,Chordata,Mammalia,Primates,Hominidae,Homo,Homo sapiens,'AC002087',['Homo sapiens'],9606,0,0,0,0,0,0,0,0,0,0,0,0,0,0,0,0,0,0,0,0,0,0,0,0,0,0,0,0,0,0,0,0,0,0,0,0,0,0,0,0,0,0,0,0,0,0,0,0,0,0,0,0,0,0,0,0,0,0,0,0,0,0,0,0,0,0,0,0,0,0,0,0,0,0,0,0,0,0,2,0,0,0,0,0,0,0,0,0,0,0,0,0,0,0,0,0,0,0,0,0,0,162,1..150,2,2,tctgccgtgcgggtaacactagctaataaaactctgtgtaaagagtgtttaaggtctaccctcaataaagctaagttccatctaagttgtaaaaaactccagctgaagtaaaatgtactacgaaagtggctttaatatcctgaagacacaatagctaagacc
tank_000034782,clade,Bilateria,0.543010753,Opisthokonta,Metazoa,,,,,,,'EU596647',[],33213,0,0,0,0,0,0,0,0,1,0,0,0,0,0,0,0,0,0,0,0,0,0,0,0,0,0,0,0,0,0,0,0,0,0,0,0,0,0,0,0,0,0,0,0,0,0,0,0,0,0,0,0,0,0,0,6,0,0,0,0,0,0,0,0,0,0,0,0,0,0,0,0,0,0,0,0,0,0,0,0,0,0,0,0,0,0,0,0,0,0,0,0,0,0,0,0,0,0,0,0,0,152,1..150,2,7,caggaaaccggcgaacgcgacgttgaaatcctgatgccgaacgacgccatgaaccaggcatggaacctgttgtgggaggccgggcaagccgtcggcctccgtgcgttcggcacggcagcgcgggaatccctgcgcatcgaagccggcatccc
tank_000034837,order,Siluriformes,0.847953216,Opisthokonta,Metazoa,Chordata,Actinopterygii,Siluriformes,,,,'KC846907',[],7995,0,0,0,0,0,0,0,0,0,0,0,0,0,0,0,0,0,0,0,0,0,0,0,0,0,0,0,0,0,0,0,0,0,0,0,0,0,0,0,0,0,0,0,0,0,0,0,0,0,0,0,0,0,0,0,0,0,0,0,0,0,0,0,0,0,0,0,0,0,0,0,0,0,0,0,0,0,0,0,0,0,0,0,0,0,0,0,0,0,0,0,0,0,0,0,0,0,0,2,0,0,169,1..150,2,2,gcggttatacgaaataccccacttgataactacaacatgtagggtggttaagggatataaaaataaagctaaagactctctaagccgtcatacgcactccgagagcacgaaaccctgacacgaaagaagaaaaaaaaaaagaagaaaagagaaaacgaaagcaaagaaa
tank_000035140,clade,Bilateria,0.561904762,Opisthokonta,Metazoa,,,,,,,'MF186288',[],33213,0,9,0,0,5,0,0,0,38,0,0,0,0,0,0,4,0,0,0,0,0,15,0,0,0,0,1,0,0,215,0,0,1,0,0,0,0,0,0,0,0,0,0,0,0,62,0,0,154,0,2,0,0,0,0,0,0,0,0,0,0,12,0,0,0,0,0,0,0,0,2,0,0,0,0,0,0,2,0,0,0,0,0,0,0,0,0,0,1,0,0,0,0,0,0,0,0,0,0,0,0,190,1..150,190,523,tccttgggaccagatgatttaaatgatgtcattgaagagctcttggacatctgtggaaaatggttcgacattggacttcgtttgaggctgcgaccgggcgacctggagaacatagaatgccagaaccaagatatacgaatatgtctccgtaagatgttgctccactggctgaagaaggtggacccgcccc
tank_000035447,suborder,Siluroidei,0.923976608,Opisthokonta,Metazoa,Chordata,Actinopterygii,Siluriformes,,,,'KC846907',['Pangasianodon hypophthalmus'| 'Glyptothorax longinema'| 'Synodontis membranacea'| 'Pangasius larnaudii'| 'Glyptothorax cavia'| 'Pangasianodon gigas'| 'Glyptothorax macromaculatus'| 'Glyptothorax trilineatus'| 'Glyptothorax annandalei'],1489793,0,0,0,0,0,0,0,0,0,0,0,0,0,0,0,0,0,0,0,0,0,0,0,0,0,0,0,0,0,0,0,0,0,0,0,0,0,0,0,0,0,0,0,0,0,0,0,0,0,0,0,0,0,0,0,0,0,0,0,0,0,0,0,0,0,0,0,0,0,0,0,0,0,0,0,0,0,0,0,0,0,0,0,0,0,0,0,0,0,0,0,0,0,0,0,0,0,0,1,1,0,169,1..150,2,2,gcttttacactggggaccccattttataactacagcgttaaaagtggttaagggatataaaaataaagctaaagactctctaagccgtcatacgcactccgagagcacgaaaccctgacacgaaagtagctttaaacaaacttcacctgaccccacgaaagctaagaaa
tank_000036489,clade,Bilateria,0.553763441,Opisthokonta,Metazoa,,,,,,,'MG386479',[],33213,0,0,0,0,0,0,0,0,0,0,0,0,0,0,0,0,0,0,0,0,0,0,0,0,0,0,0,0,0,0,0,0,0,0,0,0,0,0,0,9,0,0,0,0,0,0,0,0,0,0,0,0,0,0,0,67,0,0,0,0,0,0,0,0,0,0,0,0,0,0,0,0,0,0,0,0,0,0,0,0,0,0,0,0,0,1,0,0,0,0,0,0,0,0,0,0,0,0,0,0,0,148,1..150,24,77,tgagtcgcttctcgttgcgcgtcgttgaagtaggcgggcacggttatcactgcttgcgtgacggattctcccaatcgctcttccgcatccgacttcagtcgagcgagcagcatggacgatatctcagctggcggacgcacgcttccat
tank_000036532,clade,Bilateria,0.537037037,Opisthokonta,Metazoa,,,,,,,'HQ167110',[],33213,0,0,0,0,0,0,0,3,0,0,0,0,0,0,0,0,0,0,0,1,0,0,0,0,0,0,0,0,0,0,0,0,0,0,0,0,0,0,0,0,0,0,0,1,0,0,0,0,0,0,0,0,0,0,0,0,0,0,0,1,0,0,0,0,0,0,0,0,0,0,0,0,0,0,0,184,0,0,0,0,0,0,0,0,0,0,0,0,0,0,0,0,0,0,0,0,0,0,0,0,0,204,1..150,82,190,cctggcactgactccccgccagactgttcccaccccaaaactatgatgcacccatttcgaatatgtgtgcgataccctggatcctactacattgccctcccaatcgagcaacatccattctctgtcgcgagagaagtagaaaacgcctgtggcgggccagtcctctttcccttatggaagcatttgtcggtgtgcattgcgcgc
tank_000036839,clade,Bilateria,0.554545455,Opisthokonta,Metazoa,,,,,,,'KP853096',[],33213,0,0,0,0,0,0,0,0,53,0,0,0,0,0,0,0,0,0,0,0,0,0,0,0,0,0,0,0,0,0,0,0,0,0,0,0,0,0,0,0,0,0,0,0,0,0,0,0,0,0,0,0,0,0,0,0,0,0,0,0,0,0,0,0,0,0,0,0,0,0,0,0,0,0,0,0,0,0,0,0,0,0,0,0,0,0,0,0,0,0,0,0,0,0,0,0,0,0,0,0,0,194,1..150,24,53,cacagaccaatttgcaatgaaaaagtggcagcaatttgtcaatttgtcgcagaccgccagtagctaaccactgaagcggcgtacagaggtgagaagacagaaatgctttcagtaaagcagaagagcgtggcttgagatgaaaactggctggaggtaggattaggagtcacacacacacacctgttgctgaagta
tank_000036970,clade,Bilateria,0.558823529,Opisthokonta,Metazoa,,,,,,,'AP012955',[],33213,0,0,0,0,0,0,0,19,0,0,0,0,0,0,0,0,0,0,0,0,0,0,0,0,0,0,0,0,0,0,0,0,0,0,0,4,0,0,0,0,0,0,0,0,0,0,0,0,0,0,0,0,0,0,0,0,0,0,0,0,0,0,0,0,0,0,0,0,0,0,0,0,0,0,0,0,0,0,0,0,0,0,0,0,0,0,0,0,0,0,0,0,0,0,0,0,0,0,0,0,0,184,1..150,9,23,agcgtccgccgacgaactcgaggacaagtcccagcccctcgtgggaaatgcagcttccgttgcggaccgcgacgccaccggcccaccaaacgtccccgctccggacgatctccaagggtcgcgagccggggactgggataacctgcttctgcgattcgaacggcatgactgcgacctgcgcccg
tank_000037351,clade,Bilateria,0.533333333,Opisthokonta,Metazoa,,,,,,,'DQ674560',[],33213,0,0,0,0,0,0,0,0,0,0,0,0,0,0,0,0,0,0,0,0,0,0,0,0,0,0,0,0,0,0,0,0,0,0,0,0,0,0,0,0,0,0,0,0,0,0,0,0,0,0,0,0,0,0,0,0,0,0,0,0,0,0,0,0,0,0,0,0,0,0,0,0,0,0,0,0,0,0,40,0,0,0,0,0,0,0,0,0,0,0,0,0,0,0,0,0,0,0,0,0,0,218,1..150,18,40,gcaaacaatcgacaaggagctggtatggatgccctggtactcaagcaagccgtagcgacagaggcgatcaaccgcgtcgccgacaccgatagcgaccgccttgttctgggcatcggtaccggcagcaccgccgagtgccttattgccgggttaccccggctgcgcgagcggattgaagcgacggtttcaagctccgggcgctcctcggcggccctgcg
tank_000037848,clade,Bilateria,0.565217391,Opisthokonta,Metazoa,,,,,,,'MK213066',[],33213,0,0,0,0,0,0,0,0,0,0,0,0,0,0,0,0,0,0,0,0,0,0,0,0,0,0,0,0,0,0,0,0,0,0,0,0,0,0,0,0,0,0,0,0,0,50,0,0,0,0,0,0,0,0,0,0,0,0,0,0,0,0,0,0,0,0,0,0,0,0,0,0,0,0,0,0,0,0,0,0,0,0,0,0,0,0,0,0,0,0,0,0,0,0,0,0,0,0,0,0,0,176,1..150,18,50,gcaacggaatgaacttacccagagattagcctcctaattatgaaatggcaagccattttgttaggggttctcagttccctcaacctgtcattgcgagcgaagcgtggcaatctcgctgcggtcagggccgtcgctacgtcaacgggattgccacgtcgctacgctcctcgcagtga
tank_000037865,clade,Bilateria,0.553763441,Opisthokonta,Metazoa,,,,,,,'KR911790',[],33213,0,0,0,0,0,0,0,0,0,0,0,0,0,0,0,0,0,0,0,0,0,0,0,0,0,0,5,0,0,0,0,0,0,0,0,0,0,0,0,0,0,0,0,0,0,0,0,0,0,0,0,0,0,0,0,0,33,0,0,0,0,0,0,0,0,0,0,0,0,0,0,0,0,0,0,0,0,0,0,0,0,0,0,0,0,0,0,0,0,0,0,0,0,0,0,0,0,0,0,0,0,146,1..150,17,38,atttcgccgttcaaaaagtgggtaagatcattcatcgcaaaatcctccgcatgggtttgcgcgcagaataggcttgcgaaaatcacttgaacagaggcaatatttcaaagttgttttgcgaaaatgcaaaaggttacggatgaacc
tank_000037898,clade,Bilateria,0.527472527,Opisthokonta,Metazoa,,,,,,,'JX946204',[],33213,0,0,0,0,0,0,0,0,0,0,0,0,0,0,0,0,0,0,0,0,0,0,0,0,0,0,0,0,0,0,0,0,0,0,0,0,0,0,0,0,0,0,0,0,0,0,0,0,0,0,0,0,0,0,0,0,0,0,0,0,0,0,0,0,0,0,0,0,58,0,0,0,0,0,0,0,0,0,0,0,0,0,0,0,0,0,0,0,0,0,0,0,0,0,0,0,0,0,0,0,0,150,1..150,19,58,agcagtgcggcggatctgcacctggccattcgacccggcacggatctggtgttgctgcacggcatcggccacctgctgctgcgccaggccaccctggacttcgacttcattgaggggtgtacggaggggtttttctcctatgccaaactg
tank_000038449,clade,Bilateria,0.556149733,Opisthokonta,Metazoa,,,,,,,'AP009143',[],33213,0,0,0,0,0,0,0,0,0,0,0,0,0,0,0,0,0,0,0,0,0,0,0,0,0,0,0,0,0,0,0,0,0,0,0,0,0,0,0,21,0,0,0,0,0,0,0,0,0,0,0,0,0,0,0,0,0,0,0,0,0,0,0,0,0,0,0,0,0,0,0,0,0,0,0,0,0,0,0,0,0,0,0,0,0,0,0,0,0,0,0,0,0,0,0,0,0,0,0,0,0,150,1..150,7,21,ggtacgacctcgagcgcgaaagcctgttcctggttacgaacgcccacgtcatcgacaaggactccgggcatctcgacttgctggtcccacccatcgggggaggcttggtgaggtcgttcactgtgacggcggagatcggcgtcggggcag
tank_000038606,clade,Bilateria,0.548076923,Opisthokonta,Metazoa,,,,,,,'KC633221',[],33213,0,0,0,0,0,0,0,0,0,0,0,0,0,0,0,0,0,0,0,0,0,0,0,0,0,0,0,0,0,0,0,0,0,0,0,0,0,0,0,0,0,0,0,0,0,0,0,0,0,0,0,0,0,0,0,0,0,0,11,0,0,0,0,0,0,0,0,0,0,0,0,0,0,0,0,0,0,0,0,0,0,0,0,0,0,0,0,0,0,0,0,0,0,0,0,0,0,0,0,0,0,177,1..150,1,11,cattccaatcctgtgcaatcccattgatcatctttaaaatatccggaaacacacactgcattcgttgccgctgactgagaatgtgatggtccggcagaagaactggaagactgcagtagaattggctggagaagttactgttgatgattcagcagtagtttcgtgaaattttgctgc
tank_000039093,clade,Deuterostomia,0.569892473,Opisthokonta,Metazoa,,,,,,,'AY940742',[],33511,0,0,0,0,0,0,0,0,0,0,0,0,0,0,0,0,0,0,0,0,0,0,0,0,0,0,0,0,0,0,0,0,0,0,0,0,0,0,0,0,0,0,0,0,0,0,0,0,0,0,0,0,0,0,0,0,0,0,0,0,0,0,10,0,0,0,0,0,0,0,0,0,0,0,0,0,0,0,0,0,0,0,0,0,0,0,0,0,0,0,0,0,0,0,0,0,0,0,0,0,0,143,1..150,1,10,gccacactgcaaaataaaccaactcagtagcaaactgggtcctccccaccagccaccgccacactgcaaaataaaccaactcagtagcaaactgggtccccccaccagccaccgccatactggaaaataaaccaactcagtag
tank_000039527,clade,Bilateria,0.544554455,Opisthokonta,Metazoa,,,,,,,'AC021451',[],33213,0,54,0,0,0,0,0,0,0,0,0,0,0,0,0,5,0,0,0,0,0,0,0,0,0,0,0,0,0,1,0,0,0,0,0,0,0,0,0,0,0,0,0,0,0,0,0,0,0,0,0,0,0,0,0,0,0,0,6,0,0,0,0,0,0,0,0,0,0,0,0,0,0,0,0,0,0,0,0,0,0,0,0,0,0,0,0,0,0,0,0,0,0,0,0,0,0,0,0,0,0,182,1..150,29,66,ccacccattccaatcctgtacaatcccattgatcatctttaaaatatccggaaacacacactgcattcgttgccgctgactgagaatgtgatggtccggcagaagaactggaagactgcagtagaattggctggagaagttactgttgatgattcagcagtagtttcgtgaaattttgctgc
tank_000039891,clade,Bilateria,0.546341463,Opisthokonta,Metazoa,,,,,,,'AB863607',[],33213,0,0,0,0,2,0,0,0,0,0,0,0,0,0,0,0,0,0,0,0,0,0,0,0,0,0,0,0,0,0,0,0,0,0,0,0,0,0,0,0,0,0,0,0,0,2,0,0,1,0,0,0,0,0,0,0,0,0,0,0,0,0,0,0,0,0,0,0,0,0,0,0,0,0,0,0,0,0,0,0,0,0,0,0,0,0,0,0,1,0,0,0,0,0,0,0,0,0,0,0,0,184,1..150,2,6,gcgccgtaagccgctcgactttgtcgcgtaagctcaagccgaaggcttgtctccagcgccgagaggacatcctggttctctggcggagcccaacggatcgtttcctcgctcctttcggttcggcgggcgattcactagttgccgaccccttttgctccgtcagattctcgaatgcaaggaagtt
tank_000040727,suborder,Siluroidei,0.883040936,Opisthokonta,Metazoa,Chordata,Actinopterygii,Siluriformes,,,,'KC846907',[],1489793,0,0,0,0,0,0,0,0,0,0,0,0,0,0,0,0,0,0,0,0,0,0,0,0,0,0,0,0,0,0,0,0,0,0,0,0,0,0,0,0,0,0,0,0,0,0,0,0,0,0,0,0,0,0,0,0,0,0,0,0,0,0,0,0,0,0,0,0,0,0,0,0,0,0,0,0,0,0,0,0,0,0,0,0,0,0,0,0,0,0,0,0,0,0,0,0,0,0,2,1,0,169,1..150,3,3,gcggttatacgaaataccccacttgattactacaacatgtagggtggttaagggatataaaaataaagctaaagactctctaagccgtcatacgcactccgagagcacgaaaccctgacacgaaagaaggaaaaaacaaacaacacaagacacaacgaaagctaagaaa
tank_000041354,clade,Eutheria,0.934131737,,,,,,,,,'EF093554',['Elephantulus fuscipes'| 'Pan troglodytes'| 'Pan paniscus'| 'Homo sapiens'| 'Rhynchocyon petersi'],9347,0,0,0,0,0,0,0,0,0,0,0,0,0,0,0,0,0,0,0,0,0,0,0,0,0,0,0,0,0,0,0,0,0,0,0,0,0,0,0,0,0,0,0,1,0,0,0,0,0,0,0,0,0,0,0,1,0,0,0,0,0,0,1,0,0,0,0,0,0,0,0,0,0,0,0,0,0,0,0,0,0,0,0,0,0,0,0,0,0,0,0,0,0,0,0,0,0,0,0,0,0,167,1..150,3,3,gcggtcacacgattaacccaagtcactagaagccggcgtaaagagtgttttagatcaccccctccccaataaagctaaaactcacctgagttgtaaaaaactccagttgacacaaaatagagaaagaaagaggaaaaaacatatgagaacacacaatagcaaagacc
tank_000042167,clade,Bilateria,0.555555556,Opisthokonta,Metazoa,,,,,,,'AP012955',[],33213,0,0,0,0,0,0,0,2,0,0,0,0,0,0,0,0,0,0,0,0,0,0,0,0,0,0,0,0,0,0,0,0,0,0,0,0,0,0,0,0,0,0,0,0,0,0,0,0,0,0,0,0,0,0,0,0,0,0,0,0,0,0,0,0,0,0,0,0,0,0,0,0,0,0,0,0,0,0,0,0,0,0,0,0,0,0,0,0,0,0,0,0,0,0,0,0,0,0,0,0,0,186,1..150,2,2,caaggcaatgccgacgaactcgaggacaagtcccagcccctcgtgggaaatgcagcttccgttgcggaccgcgacgccaccggcccaccaaacgtccccgctccggacgatctccaagggtcgcgagccggggactgggataacctgcttctgcgattcgaacgggacgactgcgacctgcgcccg
tank_000042964,clade,Bilateria,0.583756345,Opisthokonta,Metazoa,,,,,,,'AY218003',[],33213,0,0,0,0,0,0,0,0,0,0,0,0,0,0,0,0,0,0,0,0,0,0,0,0,0,0,0,0,0,0,0,0,5,0,0,0,0,0,0,0,0,0,0,0,0,0,0,0,0,0,0,0,0,0,0,0,0,0,0,0,0,0,0,0,0,0,0,0,0,0,0,0,0,0,0,0,0,0,0,0,0,0,0,0,0,0,0,0,0,0,0,0,0,0,0,0,0,0,0,0,0,180,1..150,2,5,ccggttcctacgcctttgtaatttgctcatcaaatatggcaagctaaaacaacacataactttgataccagctgattatatatacacttgatatccaatatattggctaatgaatactcacttagtagcttgctaacctattgaccgctacatctctaacaaaattcatctcctgcactg
tank_000043740,clade,Bilateria,0.538043478,Opisthokonta,Metazoa,,,,,,,'EU443901',[],33213,0,6,0,0,0,0,0,0,0,0,0,0,0,0,0,0,0,0,0,0,0,0,0,0,0,0,0,0,0,0,0,0,0,0,0,0,0,0,0,0,0,0,0,0,0,0,0,0,0,0,0,0,0,0,0,0,0,0,0,0,0,0,0,0,0,0,0,0,0,0,0,0,0,0,0,0,0,0,0,0,0,0,0,0,0,0,0,0,0,0,0,0,0,0,0,0,0,0,0,0,0,144,1..150,3,6,cctcgcagggtctcctctcacccctccccctccactcccaccaagccctcccgcacactagcctccccagctggcccgcatcacccaactccacgggatcctcacacccaactctccgctccagtacgtgaatcgtccggagcc
tank_000044113,clade,Bilateria,0.540983607,Opisthokonta,Metazoa,,,,,,,'KT443920',[],33213,0,0,0,0,3,0,0,0,0,0,0,0,0,0,0,0,0,0,0,0,0,0,0,0,0,0,0,0,0,0,0,0,0,0,0,0,0,0,0,0,0,0,0,0,0,0,0,0,0,0,0,0,0,0,0,0,0,0,0,0,0,0,0,0,0,0,0,0,0,0,0,0,0,0,0,0,0,0,0,0,0,0,0,0,0,0,0,0,0,0,0,0,0,0,0,0,0,0,0,0,0,142,1..150,3,3,cctcgcagggtctcctctcacccctccccctccactcccaccaagccctcccgcacactagcctccccttgcactgtcgcctcctcccaccctccccccctcactccgaccatccacaccagtacgtgaatcgtccggagcc
tank_000044931,clade,Bilateria,0.538043478,Opisthokonta,Metazoa,,,,,,,'AP011067',[],33213,0,0,0,0,0,0,0,5,0,0,0,0,0,0,0,0,0,0,0,0,0,0,0,0,0,0,0,0,0,0,0,0,0,0,0,0,0,0,0,0,0,0,0,0,0,0,0,0,0,0,0,0,0,0,0,0,0,0,0,0,0,0,0,0,0,0,0,0,0,0,0,0,0,0,0,0,0,0,0,0,0,0,0,0,0,0,0,0,0,0,0,0,0,0,0,0,0,0,0,0,0,152,1..150,1,5,caaaccagtgtcgtcatcgtgtacacgagggacgccgcgaatcaagaagggttaccttgactcggggacgacttatgctccgcattcggggcggtgtcgtcattcgtagccgaatcatctattggtgtttgaggcgcgggatcaccgtccgg
tank_000044994,clade,Bilateria,0.56372549,Opisthokonta,Metazoa,,,,,,,'KF010315',[],33213,0,3,0,0,0,0,0,0,0,0,0,0,0,0,0,0,0,0,0,0,0,0,0,0,0,0,0,0,0,0,0,0,0,0,0,0,0,0,0,0,0,0,0,0,0,0,0,0,0,0,0,0,0,0,0,0,0,0,0,0,0,0,0,0,0,0,0,0,0,0,0,0,0,0,0,0,0,0,0,0,0,0,0,0,0,0,0,0,0,0,0,0,0,0,0,0,0,0,0,0,0,169,1..150,1,3,accccgaccgctgccacgcggtggcaaatctgtgcgtgccctactacacgctcgaacggggcctggaccacaccctgagcctggccgaccgccagctggcccgcatcacccaactccacgggatcctcacacccaactctccgctccagtacgtgaatcgtccggagcc
tank_000045010,species,Homo sapiens,0.963190184,Opisthokonta,Metazoa,Chordata,Mammalia,Primates,Hominidae,Homo,Homo sapiens,'AC062033',['Homo sapiens'],9606,0,0,0,0,0,0,0,0,0,0,0,0,0,0,0,0,0,0,0,0,0,0,0,0,0,0,0,0,0,0,0,0,0,0,0,0,0,0,0,0,0,0,0,0,0,0,0,0,0,0,0,0,0,0,0,0,0,0,0,0,0,0,8,0,0,0,0,0,0,0,0,0,0,0,0,0,0,0,0,0,0,0,0,0,0,0,0,0,0,0,0,0,0,0,0,0,0,0,0,0,0,157,1..150,3,8,acacgattaacccaaactaataaaatctggtgaaaagcgtgtttaaggtaaacctacagtaaagctaaactccgtctaagctgtaaaaagcttcaactgaagtaaaaataaactacaaaagtgactttaacaccctgaaaacacgatagctaagact
tank_000045198,clade,Bilateria,0.580808081,Opisthokonta,Metazoa,,,,,,,'KY815244',[],33213,0,0,0,0,0,0,0,0,0,0,0,0,0,0,0,0,0,0,0,0,0,0,0,0,0,0,0,0,0,0,0,0,0,0,0,0,0,0,0,0,0,0,0,0,0,0,0,0,0,0,0,0,0,0,0,8,0,0,0,0,0,0,0,0,0,0,0,0,0,0,0,0,0,0,0,0,0,0,0,0,0,0,0,0,0,0,0,0,0,0,0,0,0,0,0,0,0,0,0,0,0,176,1..150,2,8,agaggtactggatgtatcagtgactgtgtagcctgtgtcagataagctgccaacccggaatacgtactgcggcaatcgccgaaactgtagactggaattgtgcgcagccagtcccggaaaccagcatctggcggtgcgcataattgcgttctaccaagtaatagctcatcgagttc
tank_000045796,clade,Bilateria,0.553299492,Opisthokonta,Metazoa,,,,,,,'AY147891',[],33213,0,0,0,0,0,0,0,0,0,0,0,0,0,0,0,0,0,0,1,0,0,30,0,0,0,0,0,0,0,0,0,0,0,0,0,0,0,0,0,0,0,0,0,0,0,0,0,0,0,0,4,0,0,0,0,0,0,0,0,0,0,0,0,0,0,0,0,0,0,0,0,0,0,0,0,0,0,0,0,0,0,0,0,0,0,0,0,0,0,0,0,0,0,0,0,0,0,0,0,0,0,158,1..150,10,35,ctatcttgaaacatcttcctacgccaccgagagatattaagttaccacacgatcggaatgaattgcccccagtgaaccaacaggaaataggcgtgtgtcgcgtcgttaaaggtagtttgcggctgatttcaggttctagtactgcaagcgattgggtg
tank_000046119,species,Homo sapiens,0.962962963,Opisthokonta,Metazoa,Chordata,Mammalia,Primates,Hominidae,Homo,Homo sapiens,'AC090204',['Homo sapiens'],9606,0,0,0,0,0,0,0,0,0,0,0,0,0,0,0,0,0,0,0,0,0,0,0,0,0,0,0,0,0,0,0,0,0,0,0,0,0,0,0,0,0,0,0,0,0,0,0,0,0,0,0,0,0,0,0,0,0,0,0,0,0,0,6,0,1,0,0,0,0,0,0,0,0,0,0,0,0,0,0,0,0,0,0,0,0,0,0,0,0,0,0,0,0,0,0,0,0,0,0,0,0,162,1..150,5,7,gcggtcacacgattaacccgagctaatggaactcagcgtaaagagtgtttaaggtctgccctcaataaagttaaagcccatctaagttgtaaaaaactccagctgaaataaaatgtactacaaaagtagctttaataccctgaagacacaatagctaagacc
tank_000046165,species,Homo sapiens,1,Opisthokonta,Metazoa,Chordata,Mammalia,Primates,Hominidae,Homo,Homo sapiens,'AP000676',['Homo sapiens'],9606,0,0,0,0,0,0,0,0,0,0,0,0,0,0,0,0,0,0,0,0,0,0,0,0,0,0,0,0,0,0,0,0,0,0,0,0,0,0,0,0,0,0,0,1,0,0,41,0,0,0,0,0,0,0,0,0,0,0,0,0,0,0,0,0,0,0,0,0,0,0,0,0,0,0,0,0,0,0,0,0,0,0,0,0,0,0,0,0,0,0,0,0,0,0,0,0,0,0,0,0,0,163,1..150,12,42,accgtcatacgattaacccaagctaacagaacttggcataaagagtgtttaagatctaccctcaataaagctaaactctgtctaagttgtaaaaaaactccagctgaaataaaatatggtacgaaagttgctttaataccctgaagagacaataggtaagacc
tank_000046314,clade,Bilateria,0.532258065,Opisthokonta,Metazoa,,,,,,,'EU167067',[],33213,0,3,0,0,0,0,0,0,0,0,0,0,0,0,0,0,0,0,0,0,0,0,0,0,0,0,0,0,0,0,0,0,0,0,0,0,0,0,0,0,0,0,0,0,0,0,0,0,0,0,0,0,0,0,0,0,0,0,0,0,0,0,0,0,0,0,0,0,0,0,0,0,0,0,0,0,0,0,0,0,0,0,0,0,0,0,0,0,0,0,0,0,0,0,0,0,0,0,0,0,0,142,1..150,3,3,cctcgcagggtctcctctcacccctccccctccactcccaccaagccctcccgcacactagcctccccttgcactgtcgcctcatcccaccctccccccctcactccaactctccgctccagtacgtgaatcgtccggagcc
tank_000046368,clade,Bilateria,0.554545455,Opisthokonta,Metazoa,,,,,,,'AY581624',[],33213,0,0,0,0,0,0,0,0,0,0,0,0,0,0,0,0,0,0,0,0,0,0,0,0,0,0,0,0,0,2,0,0,0,0,0,0,0,0,0,0,0,0,0,0,0,0,0,0,0,0,0,0,0,0,0,0,0,0,0,0,0,0,0,0,0,0,0,0,0,0,0,0,0,0,0,0,0,0,0,0,0,0,0,0,0,0,0,0,0,0,0,0,0,0,0,0,0,0,0,0,0,200,1..150,1,2,ctccgaaaaatagcggaatgtcgcgcttttttgaacgaacgcggtgccgatctaccgattgaagtcgatggaaacgtgagttttgaaaatatccccaagatggtatccgcaggcgcggatatcttggtcggcggaaccagtagcgtttttcaaaaatcggggtcccggcttgagaacgttcagcgagcacaaaaggcaat
tank_000047197,clade,Bilateria,0.561111111,Opisthokonta,Metazoa,,,,,,,'JQ728563',[],33213,0,0,0,0,0,0,0,0,0,0,0,0,0,0,0,0,0,0,0,0,0,0,0,0,0,0,0,0,0,0,0,0,0,0,0,0,0,0,0,0,0,0,0,0,0,0,0,0,0,0,0,0,0,0,0,0,0,0,0,0,0,8,0,0,0,0,0,0,0,0,0,0,0,0,0,0,0,0,0,0,0,0,0,0,0,0,0,0,0,0,0,0,0,0,0,0,0,0,0,0,0,142,1..150,6,8,ctaacaatggcgcgccgtatcgcactgaagaatggaatacgctatgccttcaccggtaacgtgttcgacgacaaggagggagcaagtacctattgccatggatgtgatacatgcctcatagggcgtaacgtgtatcggatta
tank_000048870,clade,Bilateria,0.553299492,Opisthokonta,Metazoa,,,,,,,'AP009145',[],33213,0,0,0,0,0,0,0,0,0,0,0,0,0,0,0,0,0,0,0,0,0,0,0,0,0,0,0,0,0,0,0,0,0,0,0,0,0,0,0,0,0,0,0,0,0,0,0,0,0,0,0,0,0,0,0,0,15,0,0,0,0,0,0,0,0,0,0,0,0,0,0,0,0,0,0,0,0,0,0,0,0,0,0,0,0,0,0,0,0,0,0,0,0,0,0,0,0,0,0,0,0,170,1..150,5,15,gcccaggttggtctcctggtcggggtccttgcgaacctccgctatctcgggaaactcgctggtcctggagaaaaacttgttctccaccagctcgccgaagcgccgggcgaagcgcaggtgctccgcaggcgggaagtcctgtccgcgaaagaacagtgcgccgtgacggg
tank_000049996,clade,Bilateria,0.561904762,Opisthokonta,Metazoa,,,,,,,'JX267321',[],33213,0,0,0,0,0,0,0,14,0,0,0,0,0,0,0,0,0,0,0,0,0,0,0,0,0,0,0,0,0,0,0,0,0,0,0,0,0,0,0,0,0,0,0,0,0,0,0,0,0,0,0,0,0,0,0,0,0,0,0,0,0,0,0,0,0,0,0,0,0,0,0,0,0,0,0,0,0,0,0,0,0,0,0,0,0,0,0,0,0,0,0,0,0,0,0,0,0,0,0,0,0,186,1..150,6,14,ccgatgccgatgtccccgagcgccagggcttccttggcgaggcggtcgcgaaccgaaacgacgaacgggcagtgattgcagatgaacatgatcaatgttccgttttcccccgcgacatcaccaagcgaaacggtctcgccttcggttgacggaagtgtgaaatcgggggcctcccagccgaaatca
tank_000050078,clade,Bilateria,0.547368421,Opisthokonta,Metazoa,,,,,,,'KM091480',[],33213,0,0,0,0,0,0,0,0,0,0,0,0,0,0,0,0,0,0,0,0,0,0,0,0,0,0,0,0,0,0,0,0,0,0,0,0,0,0,0,0,0,0,0,0,0,0,0,0,0,0,0,7,0,0,0,0,0,0,0,5,0,0,0,0,0,0,0,0,0,0,0,0,0,0,0,0,0,0,0,0,0,0,0,9,0,0,0,0,0,0,0,0,0,0,0,0,0,0,0,0,0,155,1..150,6,21,aacaacaggcgtccctcgaactgtgcatgatcaacatgaactctttgccatgcatgctgtggaaccatccaagggtgagcaggtgccttggggggattcctgctagctgcctgacattccacacaagtacgacacaactcttcaatctgtgagtc
tank_000051025,clade,Bilateria,0.566210046,Opisthokonta,Metazoa,,,,,,,'AB560489',[],33213,0,0,0,0,0,0,0,0,0,0,0,0,0,0,0,6,0,0,0,0,0,0,0,0,0,0,0,0,0,0,0,0,0,0,0,0,0,0,0,0,0,0,0,0,0,0,0,0,0,0,0,0,0,0,0,0,0,0,0,0,0,0,0,0,0,0,0,0,0,0,0,0,0,0,0,0,0,0,0,0,0,0,0,0,0,0,0,0,0,0,0,0,0,0,0,0,0,0,0,0,0,198,1..150,3,6,ccaatcacctcttggtgtcccagtttaaacttctgctccagcagtttcttcagcctccagaccaaaaccaattcctattaaaaaggcaaacaatgtcttaccctcttcactcatcaaaaaagtattgaaatctgcttgtcttgtcataaagcagcatcccaagttacgtggtgatagcaaagctggtatcctggcagt
tank_000051388,clade,Bilateria,0.54787234,Opisthokonta,Metazoa,,,,,,,'KX838508',[],33213,0,0,0,0,0,0,0,2,0,0,0,0,0,0,0,0,0,0,0,0,0,0,0,0,0,0,0,0,0,0,0,0,0,0,0,0,0,0,0,0,0,0,0,0,0,0,0,0,0,0,0,0,0,0,0,0,0,0,0,0,0,0,0,0,0,0,0,0,0,0,0,0,0,0,0,0,0,0,0,0,0,0,0,0,0,0,0,0,0,0,0,0,0,0,0,0,0,0,0,0,0,155,1..150,1,2,cgtgcggctgccgcctccctcgtgcaatactccactcctctcaccgttatcatcccacccttgatcgtatcggccgcccgcgtcctgcctgccccgcttagttgtcgaccgtacccgtcacagacctatgcggtaatagtcccatctctcgggat
tank_000053554,clade,Bilateria,0.569148936,Opisthokonta,Metazoa,,,,,,,'AC236992',[],33213,0,0,0,0,0,0,0,0,0,0,0,0,0,0,0,0,0,0,0,0,0,0,0,0,0,0,0,0,0,0,0,0,0,0,0,14,0,0,0,0,0,0,0,0,0,0,0,0,14,0,0,0,0,0,0,0,0,0,0,0,0,0,0,0,0,0,0,0,0,0,0,0,0,0,0,0,0,0,0,0,0,0,0,0,0,0,0,0,0,0,0,0,0,0,0,0,0,0,0,0,0,155,1..150,9,28,agactcatcacgacctgagtccgcgtgtgcgtcatggtacccaaggccgccagcttcccgcccataaaagaaacgacaaagatgccgactgagtacgccaataaaatcagtatggaatgtgaatccatgatggctataaccgaaaattataggcg
tank_000053830,clade,Bilateria,0.559322034,Opisthokonta,Metazoa,,,,,,,'AP012521',[],33213,0,0,0,0,0,0,0,0,0,0,0,0,0,0,0,0,0,0,0,0,0,0,0,0,0,0,0,0,0,0,0,0,0,0,0,0,0,0,0,0,0,0,0,0,0,0,0,0,3,0,0,0,0,0,0,0,0,0,0,0,0,0,0,0,0,0,0,0,0,0,0,0,0,0,0,0,0,0,0,0,0,0,0,0,0,0,0,0,0,0,0,0,0,0,0,0,0,0,0,0,0,143,1..150,2,3,ccgccatcacggtcatgtcggccaatactcccgtaggcgtcgcccgcgcccgccgaagatgtcaccgaatacctcgtcgaatatgtcgcgaaatccggcgccgcccgagaaccctccaccgctcgcatccaccccggcgtgac
tank_000054032,clade,Bilateria,0.564102564,Opisthokonta,Metazoa,,,,,,,'MK405666',[],33213,0,0,0,0,0,0,0,0,0,0,0,0,0,0,0,0,0,0,0,0,0,0,0,0,0,0,1,0,0,0,0,0,0,0,0,0,0,0,0,0,0,0,0,0,0,0,0,0,0,0,2,0,0,0,0,0,0,0,0,0,0,0,0,0,0,0,0,0,0,0,0,0,0,0,0,0,0,0,0,0,0,0,0,0,0,0,0,0,0,0,0,0,0,0,0,0,0,0,0,0,0,153,1..150,1,3,tatctaaatatattgcaggtatgaacctaccacaagcacatcctgtgaaaaattccaccaccggctggctgggaaaggagaaacagctcacaagcctcaaaagaagagttttgatagatgatgcataaatgcaggacgaatcgcaagctctct
tank_000054125,clade,Percomorphaceae,0.857988166,Opisthokonta,Metazoa,Chordata,Actinopterygii,,,,,'MG748713',[],1489872,0,0,2,0,0,0,0,0,0,0,0,0,0,0,0,0,0,0,0,0,0,0,0,0,0,0,0,0,0,0,0,0,0,0,0,0,0,0,0,0,0,0,0,0,0,0,0,0,0,0,0,0,0,0,0,0,0,0,0,0,0,0,0,0,0,0,0,0,0,0,0,0,0,0,0,0,0,0,0,0,0,0,0,0,0,0,0,0,0,0,0,0,0,0,0,0,0,0,0,0,0,163,1..150,2,2,cccgttatatgaaaggccctaactcataattttccgcgtaaagagtggttaagattaaattgaatactaaagccgaaagccctcacagctgttatacgcactcgagggtaagaagcccaactacgaaagtggctttacatctgaacccatgaaagctagggca
tank_000054432,clade,Bilateria,0.548387097,Opisthokonta,Metazoa,,,,,,,'KU159666',[],33213,0,0,0,0,0,0,0,0,0,0,0,0,0,0,0,0,0,0,0,0,0,0,0,0,0,0,0,0,0,0,0,0,0,0,0,0,0,0,0,0,0,0,0,0,0,0,0,0,0,0,0,0,0,0,0,0,0,0,0,0,0,2,0,0,0,0,0,0,0,0,0,0,0,0,0,0,0,0,0,0,0,0,0,0,0,0,0,0,0,0,0,0,0,0,0,0,0,0,0,0,0,148,1..150,2,2,aataaatttcggttggttctttcctactaatgtatggcatagaatgcctgcttgtggcagaatagaactgggcttacctccctacagtgggagtagatgaatccctccacgtcaacactgacagcactggtgcactcgtccagaatgg
tank_000057664,clade,Bilateria,0.556561086,Opisthokonta,Metazoa,,,,,,,'AF407139',[],33213,0,1,0,0,0,0,0,0,0,0,0,0,0,0,0,39,0,0,0,0,0,0,0,0,0,0,0,0,0,0,0,0,0,0,0,0,0,0,0,0,0,0,0,0,0,0,0,0,0,0,0,0,0,0,0,0,0,0,0,0,0,0,0,0,0,0,0,0,0,0,0,0,0,0,0,0,0,0,0,0,0,0,0,0,0,0,0,0,0,0,0,0,0,0,0,0,0,0,0,0,0,195,1..150,22,40,cacagaccaatttgcaatgaaaaagtggcagcaatttgtcaatttgtcgcagaccgccagtagccaagtactgaaaagggcgtacagaggtgagaagacagaaatgctttcaataaagcagaagagcgtggcttgagatgaaaactggctggagggaggattaggagtcaggcacacacacctgttgctgaagta
tank_000058110,clade,Bilateria,0.557894737,Opisthokonta,Metazoa,,,,,,,'KY056596',[],33213,0,0,0,0,0,0,0,0,0,0,0,0,0,0,0,0,0,0,0,0,0,0,0,0,0,0,0,0,0,4,0,0,0,0,0,0,0,0,0,0,0,0,0,0,0,0,0,0,0,0,0,0,0,0,0,0,0,0,0,0,0,0,0,0,0,0,0,0,0,0,0,0,0,0,0,0,0,0,0,0,0,0,0,0,0,0,0,0,0,0,0,0,0,0,0,0,0,0,0,0,0,158,1..150,2,4,gcaaccacgcgcccgccccgatgcggtccgatacagcgccattcgagtttgtccagcagttgccgtcgtgccgcctgcgtcttctcagatgtcatgtcaatactcattctcacgttgtccttgtgttcaacagaatctaccgcatactggcaaatgcg
tank_000058401,clade,Bilateria,0.55450237,Opisthokonta,Metazoa,,,,,,,'KF766017',[],33213,0,0,0,0,0,0,0,0,0,0,0,0,0,0,0,0,0,0,0,0,0,0,0,0,0,0,0,0,0,0,0,0,0,0,0,0,0,0,0,0,0,0,0,0,0,0,0,0,0,0,2,0,0,0,0,0,0,0,0,0,0,0,0,0,0,0,0,0,0,0,0,0,0,0,0,0,0,0,0,0,0,0,0,0,0,0,0,0,0,0,0,0,0,0,0,0,0,0,0,0,0,188,1..150,2,2,cctcgcagggtctcctctcacccctccccctcctctcccaccaaaccctctcgcacaccagcttccccttgcactgtcgccacctcccaccctcctcccctcactccaaccatccacaccaagccctccctcacacctacaccagccacgaggacaccctgtactgcaagacacactaccagcagaga
tank_000058545,clade,Bilateria,0.554945055,Opisthokonta,Metazoa,,,,,,,'AB034825',[],33213,0,0,0,0,0,0,0,0,0,0,0,0,0,0,0,0,0,0,0,0,0,0,0,0,0,0,3,0,0,0,0,0,0,0,0,0,0,0,0,0,0,0,0,0,0,0,0,0,0,0,0,0,0,0,0,0,0,0,0,0,0,0,0,0,0,0,0,0,0,0,0,0,0,0,0,0,0,0,0,0,0,0,0,0,0,0,0,0,0,0,0,0,0,0,0,0,0,0,0,0,0,144,1..150,1,3,acaaccacagcccctggatgaaaaccagccagctgcacctcctgacggtgaaagggtggctgaccccgccgcggcgattgccccgggcagcgagtccgctctgtacgagcgtggttccaccatcggccgctacctggtactggg
tank_000059683,clade,Bilateria,0.596153846,Opisthokonta,Metazoa,,,,,,,'KJ028083',[],33213,0,0,0,0,3,0,0,0,0,0,0,0,0,0,0,0,0,0,0,0,0,0,0,0,0,0,0,0,0,0,0,0,0,0,0,0,0,0,0,0,0,0,0,0,0,0,0,0,0,0,0,0,0,0,0,0,0,0,0,0,0,0,0,0,0,0,0,0,0,0,0,0,0,0,0,0,0,0,0,0,0,0,0,0,0,0,0,0,0,0,0,0,0,0,0,0,0,0,0,0,0,193,1..150,2,3,gcggtaatacgaagggtgcaagcgttaatcggaattactgggagaggtcaaggggtactacctcgcttgaggacggtagaggaaagcggaattcccggtgtagcggtgaaatgcgtagatatcgggaggaacaccagtggcgaaggcggctttctgggccgtgcctgacgctgaggcgcgagaacgtggggag
tank_000060078,clade,Bilateria,0.548717949,Opisthokonta,Metazoa,,,,,,,'AP004197',[],33213,0,0,0,0,0,0,0,0,0,0,0,0,0,0,0,1,0,0,0,0,0,0,0,0,0,0,0,0,0,0,0,0,0,0,0,0,0,0,0,0,0,0,0,0,0,0,0,0,0,0,0,0,0,0,0,0,0,0,0,0,0,0,0,0,0,0,0,0,0,0,0,0,0,0,0,0,0,0,0,0,0,0,0,0,0,0,0,0,1,0,0,0,0,0,0,0,0,0,0,0,0,159,1..150,2,2,ccgccatcacggtcatgtcggccaatactcccgtaggcgtcgcccgcgccccgatccccgcatatcgcaatgtcgccatgtccgatctccccggttgcgatcccgccgctctctttcccccggcgtgctcgctcccgaacggctcttctccacctctag
tank_000060910,clade,Bilateria,0.556561086,Opisthokonta,Metazoa,,,,,,,'JF912039',[],33213,0,0,0,0,0,0,0,0,0,0,0,0,0,0,0,0,0,0,0,0,0,0,0,0,0,0,0,0,0,0,0,0,0,0,0,0,0,0,0,0,0,0,0,0,0,0,0,0,0,0,0,0,0,0,0,0,0,0,0,0,0,0,0,0,0,0,0,0,0,0,0,0,0,0,0,2,0,0,0,0,0,0,0,0,0,0,0,0,0,0,0,0,0,0,0,0,0,0,0,0,0,201,1..150,1,2,ataatcgtcaagtttcatcgccggacttgatcctgcgatccacgtgtcaaccctcagagaattttgcgtgagcagcaggcaatagaccattcttacctgccaactgcacccctcagcgagcgtcgactacctccatcgacgactgtctgcaatcttcagatgcagacagccggccatttcctcgataggctgccaatagcc
tank_000061330,suborder,Siluroidei,0.917159763,Opisthokonta,Metazoa,Chordata,Actinopterygii,Siluriformes,,,,'KC846907',['Pangasius pangasius'| 'Pangasianodon hypophthalmus'| 'Glyptothorax longinema'| 'Synodontis membranacea'| 'Pangasius larnaudii'| 'Glyptothorax cavia'| 'Pangasianodon gigas'| 'Glyptothorax macromaculatus'| 'Bagarius yarrelli'| 'Glyptothorax trilineatus'| 'Glyptothorax sinensis'| 'Glyptothorax annandalei'],1489793,0,0,0,0,0,0,0,0,0,0,0,0,0,0,0,0,0,0,0,0,0,0,0,0,0,0,0,0,0,0,0,0,0,0,0,0,0,0,0,0,0,0,0,0,0,0,0,0,0,0,0,0,0,0,0,0,0,0,0,0,0,0,0,0,0,0,0,0,0,0,0,0,0,0,0,0,0,0,0,0,0,0,0,0,0,0,0,0,0,0,0,0,0,0,0,0,0,0,0,2,0,169,1..150,2,2,gcggttatacgaaagaccccagttgataactacggcgtaaagggtggttaagggatataaaaataaagctaaagactctctaagccgtcatacgcactccgagagcacgaaaccctgacacgaaagtaggaaaaaacaaagaacaccagagagaaagaaagcaaagaaa
tank_000061817,clade,Bilateria,0.565217391,Opisthokonta,Metazoa,,,,,,,'AP002924',[],33213,0,0,0,0,0,0,0,0,0,0,0,0,0,0,0,0,0,0,0,0,0,0,0,0,0,0,0,0,0,0,0,0,0,0,0,0,0,0,0,0,0,0,0,0,0,0,0,0,0,0,0,0,0,0,0,0,3,0,0,0,0,0,0,0,0,0,0,0,0,0,0,0,0,0,0,0,0,0,0,0,0,0,0,0,0,0,0,0,0,0,0,0,0,0,0,0,0,0,0,0,0,149,1..150,1,3,gatctccccaccaaagccgtcatgcgaccgccgggcgaatggaacgactaccacatcaccgccaaaggccatcacatcacccttcgcatcaacggccagctctgctccgaactcatcgaccaagaggaaggccactacgacctctcagg
tank_000063393,family,Pomacentridae,0.939393939,Opisthokonta,Metazoa,Chordata,Actinopterygii,Perciformes,Pomacentridae,,,'FJ616325',['Chromis viridis'| 'Abudefduf notatus'| 'Abudefduf septemfasciatus'| 'Chromis enchrysura'],30863,0,0,0,0,0,0,0,0,0,0,0,0,0,0,0,0,0,0,0,0,0,0,0,0,0,0,0,0,0,0,0,0,0,0,0,0,0,0,0,0,0,0,0,0,0,0,0,0,0,0,0,0,0,0,0,0,0,0,0,0,0,0,0,0,0,0,0,0,0,0,0,0,0,0,0,0,0,0,2,0,0,0,0,0,0,0,0,0,0,0,0,0,0,0,0,0,0,0,0,0,0,165,1..150,2,2,gccgtttttcgagaggctctagttcactgtctatggcgtaaagagtggttaaggaaacctaaaaactaaagccgaacgccctcagaactgttatacgtttccgaaggtatgaagccccactacgaaagtgactttactccccctgaccccacggaagctgtgaaa
tank_000066856,clade,Bilateria,0.566137566,Opisthokonta,Metazoa,,,,,,,'DQ674587',[],33213,0,0,0,0,2,0,0,0,0,0,0,0,0,0,0,0,0,0,0,0,0,0,0,0,0,0,0,0,0,0,0,0,0,0,0,0,0,0,0,0,0,0,0,0,0,0,0,0,0,0,0,0,0,0,0,0,0,0,0,0,0,0,0,0,0,0,0,0,0,0,0,0,0,0,0,0,0,0,0,0,0,0,0,0,0,0,0,0,0,0,0,0,0,0,0,0,0,0,0,0,0,148,1..150,1,2,tgctgagcttcttcagcagacttgccttcagaccaagcttgccacacccacatcgacccctggtgaccccccagctggcccgcatcacccaactccacgggatcctcacacccaactctccactccagtacgtgaatcgtccggagcc
tank_000069904,suborder,Siluroidei,0.928994083,Opisthokonta,Metazoa,Chordata,Actinopterygii,Siluriformes,,,,'KC846907',['Pangasianodon hypophthalmus'| 'Glyptothorax longinema'| 'Pangasius larnaudii'| 'Glyptothorax cavia'| 'Pangasianodon gigas'| 'Glyptothorax macromaculatus'| 'Glyptothorax trilineatus'| 'Glyptothorax annandalei'],1489793,0,0,0,0,0,0,0,0,0,0,0,0,0,0,0,0,0,0,0,0,0,0,0,0,0,0,0,0,0,0,0,0,0,0,0,0,0,0,0,0,0,0,0,0,0,0,0,0,0,0,0,0,0,0,0,0,0,0,0,0,0,0,0,0,0,0,0,0,0,0,0,0,0,0,0,0,0,0,0,0,0,0,0,0,0,0,0,0,0,0,0,0,0,0,0,0,0,0,1,1,0,169,1..150,2,2,gcaattatacgaaacaccccacttgatatcttcaacataaagggtggttaagggatataaaaataaagctaaagactctctaagccgtcatacgcactccgagagcacgaaaccctgacacgaaagtagcaataaacaaacttcaccagaccccacgaaagctaagaaa
tank_000071615,clade,Bilateria,0.595854922,Opisthokonta,Metazoa,,,,,,,'AP014587',[],33213,0,0,0,0,2,0,0,0,0,0,0,0,0,0,0,0,0,0,0,0,0,0,0,0,0,0,0,0,0,0,0,0,0,0,0,0,0,0,0,0,0,0,0,0,0,0,0,0,0,0,0,0,0,0,0,0,0,0,0,0,0,0,0,0,0,0,0,0,0,0,0,0,0,0,0,0,0,0,0,0,0,0,0,0,0,0,0,0,0,0,0,0,0,0,0,0,0,0,0,0,0,173,1..150,1,2,gcggtaatacggagggggctagcgttgttcggaattactggatcgctagaatccgagagagggtagtggaattcccagtgtagaggtgaaattcgtagatattgggaagaacaccagtggcgaaggcggctacctggctcggtattgacgctgaggtgcgaaagcgtggggag
tank_000071843,clade,Bilateria,0.572916667,Opisthokonta,Metazoa,,,,,,,'AP011563',[],33213,0,0,0,0,0,0,0,0,0,0,0,0,0,0,0,0,0,0,0,0,0,0,0,0,0,0,0,0,0,0,0,0,0,0,0,0,0,0,0,0,0,0,0,0,0,0,0,0,0,0,0,0,0,0,0,0,0,0,3,0,0,0,0,0,0,0,0,0,0,0,0,0,0,0,0,0,0,0,0,0,0,0,0,0,0,0,0,0,0,0,0,0,0,0,0,0,0,0,0,0,0,163,1..150,1,3,cctgagtatgagcccactcctgagtatgagcccacccctgagtatgagcccacccctgggtatgaggccacctctaattacgtaagactcatgtccctcctctttcgtttctccagcacatcagttcacgtccaccaagacgatccaaactcgtcagacaggt
tank_000075894,suborder,Siluroidei,0.928994083,Opisthokonta,Metazoa,Chordata,Actinopterygii,Siluriformes,,,,'KC846907',['Pangasianodon hypophthalmus'| 'Glyptothorax longinema'| 'Pangasius larnaudii'| 'Glyptothorax cavia'| 'Pangasianodon gigas'| 'Glyptothorax macromaculatus'| 'Glyptothorax trilineatus'| 'Glyptothorax annandalei'],1489793,0,0,0,0,0,0,0,0,0,0,0,0,0,0,0,0,0,0,0,0,0,0,0,0,0,0,0,0,0,0,0,0,0,0,0,0,0,0,0,0,0,0,0,0,0,0,0,0,0,0,0,0,0,0,0,0,0,0,0,0,0,0,0,0,0,0,0,0,0,0,0,0,0,0,0,0,0,0,0,0,0,0,0,0,0,0,0,0,0,0,0,0,0,0,0,0,0,0,2,0,0,169,1..150,2,2,gcggttattcgaaaggccttagttcataacttcttcttaattggtgtttaagggatataaaaataaagctaaagactctctaagccgtcatacgcactccgagagcacgaaaccctgacacgaaagtagctttaaacaaacttcacctgaccccacgaaagctaagaaa
tank_000075914,clade,Bilateria,0.605128205,Opisthokonta,Metazoa,,,,,,,'AF488509',[],33213,0,4,0,0,1,0,0,1,0,0,0,0,0,0,0,0,0,0,0,0,0,0,0,0,0,0,0,0,0,0,0,0,0,0,0,0,0,0,0,0,0,0,0,0,0,0,0,0,0,0,0,0,0,0,0,0,0,0,0,0,0,0,0,0,0,0,0,0,0,0,0,0,0,0,0,0,0,0,0,0,0,0,0,0,0,0,0,0,0,0,0,0,0,0,0,0,0,0,0,0,0,182,1..150,4,6,gcggtaatacgtagggagcgagcgttacccggaactgccctcgaaactgcgtggctagaggccgggagaggagagtggaattcccagtggagaggtgaaattcgcagatattgggaggaacaccggtggcgaaagcggctctctggaacggttctgacgctgaggctcgaaagcgtggggag
tank_000077951,clade,Bilateria,0.541436464,Opisthokonta,Metazoa,,,,,,,'KX778130',[],33213,0,0,0,0,0,0,0,0,0,0,0,0,0,0,0,0,0,0,0,0,0,0,0,0,0,0,0,0,0,0,0,0,0,0,0,0,0,0,0,0,0,0,0,0,0,0,0,0,0,0,0,0,0,0,0,3,0,0,0,0,0,0,0,0,0,0,0,0,0,0,0,0,0,0,0,0,0,0,0,0,0,0,0,0,0,0,0,0,0,0,0,0,0,0,0,0,0,0,0,0,0,143,1..150,2,3,gagtacgaactgctgcgcgtgctctcggccaaccccggacgagtgctgacctaccgcgcgcttctgcgcctcgcgtggggcacccgctatcggggctccgtcaaccccaggctggtgcacgccgtcgtgaagaggctgcgcga
tank_000078328,clade,Bilateria,0.553191489,Opisthokonta,Metazoa,,,,,,,'AP004197',[],33213,0,0,0,0,0,0,0,0,0,0,0,0,0,0,0,0,0,0,0,0,0,0,0,0,0,0,0,0,0,0,0,0,0,0,0,0,0,0,0,0,0,0,0,0,0,0,0,0,2,0,0,0,0,0,0,0,0,0,0,0,0,0,0,0,0,0,0,0,0,0,0,0,0,0,0,0,0,0,0,0,0,0,0,0,0,0,0,0,0,0,0,0,0,0,0,0,0,0,0,0,0,148,1..150,2,2,ccgccatcacggtcatgtcggccaatactcccgtaggcgtcgcccgcgccccgatccccgcatatcgcaatgtcgccatgtccgatctccccggttgcgatcccgccgctctcttccccccggcgtgctcgctcccgaacggcgtgac
tank_000081565,clade,Bilateria,0.535714286,Opisthokonta,Metazoa,,,,,,,'KF946546',[],33213,0,3,0,0,0,0,0,0,0,0,0,0,0,0,0,0,0,0,0,0,0,0,0,0,0,0,0,0,0,0,0,0,0,0,0,0,0,0,0,0,0,0,0,0,0,0,0,0,0,0,0,0,0,0,0,0,0,0,0,0,0,0,0,0,0,0,0,0,0,0,0,0,0,0,0,0,0,0,0,0,0,0,0,0,0,0,0,0,0,0,0,0,0,0,0,0,0,0,0,0,0,146,1..150,2,3,cctcgcagggtctcctctcacccctccccctccactcccaccaagccctcccgcacactagcctccccttgcactgtcgcctcatcccaactccacgggatcctcacacccaactctccgctccagtacgtgaatcgtccggagcc
tank_000082106,clade,Bilateria,0.574162679,Opisthokonta,Metazoa,,,,,,,'KY688216',[],33213,0,0,0,0,0,0,0,0,0,0,0,0,0,0,0,0,0,0,0,0,0,0,0,0,0,0,0,0,0,0,0,0,0,0,0,0,0,0,0,0,0,0,0,0,0,0,0,0,2,0,0,0,0,0,0,0,0,0,0,0,0,0,0,0,0,0,0,0,0,0,0,0,0,0,0,0,0,0,0,0,0,0,0,0,0,0,0,0,0,0,0,0,0,0,0,0,0,0,0,0,0,186,1..150,1,2,gcgccactacgacttccccggactgcgcaagacgccgcagcagttgcggcgacgtttcgcacaactcggatggaagacggcgatcgccttccagacccgcaacccgatgcaccgggcccacttcgagctgaccctgcgggcggcccgggaactggaggcgaacctgctgatccaccccggcgtgac
tank_000084814,clade,Bilateria,0.559139785,Opisthokonta,Metazoa,,,,,,,'MF004312',[],33213,0,0,0,0,0,0,0,0,0,0,0,0,0,0,0,0,0,0,0,0,0,0,0,0,0,0,0,0,0,0,0,0,0,0,0,0,0,0,0,0,0,0,0,0,0,0,0,0,0,0,0,0,0,0,0,0,0,0,0,5,0,0,0,0,0,0,0,0,0,0,0,0,0,0,0,0,0,0,0,0,0,0,0,0,0,0,0,0,0,0,0,0,0,0,0,0,0,0,0,0,0,155,1..150,3,5,cttgtcggagtccatgagccaattctggttgctgggcaactgcggccagaactccgtttcgaactcgtacagcgtgccgtctggcgttgtgatcgtgcactcgccctgatcgcagccacctcgcaagatcggtttggcagcaggcatgacaggtg
tank_000085357,clade,Bilateria,0.556818182,Opisthokonta,Metazoa,,,,,,,'EU527333',[],33213,0,4,0,0,0,0,0,0,0,0,0,0,0,0,0,0,0,0,0,0,0,0,0,0,0,0,0,0,0,0,0,0,0,0,0,0,0,0,0,0,0,0,0,0,0,0,0,0,0,0,0,0,0,0,0,0,0,0,0,0,0,0,0,0,0,0,0,0,0,0,0,0,0,0,0,0,0,0,0,0,0,0,0,0,0,0,0,0,0,0,0,0,0,0,0,0,0,0,0,0,0,159,1..150,1,4,ttggaactgtgggaggagcacttcagagtgttgcagttgggcactgtatgagagtaagggcacgtggcactggagaaggaagaactggaagactgcagtagaattggctggagaagttactgttgatgattcagcagtagtttcgtgaaattttgctgc
tank_000087190,clade,Bilateria,0.545945946,Opisthokonta,Metazoa,,,,,,,'AF417346',[],33213,0,2,0,0,0,0,0,0,0,0,0,0,0,0,0,0,0,0,0,0,0,0,0,0,0,0,0,0,0,0,0,0,0,0,0,0,0,0,0,0,0,0,0,0,0,0,0,0,0,0,0,0,0,0,0,0,0,0,0,0,0,0,0,0,0,0,0,0,0,0,0,0,0,0,0,0,0,0,0,0,0,0,0,0,0,0,0,0,0,0,0,0,0,0,0,0,0,0,0,0,0,145,1..150,1,2,tgaccagagccgcgttgacctcacgcggcttctcctgggccatccagtgcccggtccgcagcgccacctcggtcagattccgacagtagtgacgcacgggttcggccagccgggagtgggtgcactcacactaccagcagagact
tank_000087325,clade,Bilateria,0.550505051,Opisthokonta,Metazoa,,,,,,,'EU167057',[],33213,0,0,0,0,0,0,0,0,0,0,0,0,0,0,0,0,0,0,0,0,0,0,0,0,0,0,0,0,0,0,0,0,0,0,0,0,0,0,0,0,0,0,0,0,0,3,0,0,0,0,0,0,0,0,0,0,0,0,0,0,0,0,0,0,0,0,0,0,0,0,0,0,0,0,0,0,0,0,0,0,0,0,0,0,0,0,0,0,0,0,0,0,0,0,0,0,0,0,0,0,0,167,1..150,1,3,cacaaccataaggatccccatgttgcgcttactcctagtcttcgtcttttgcatcggcctagcccacgccgccgacaatcccgcagctcccggcttcaacgccgccgattccgatcccaaggccatcgccctagccgacgaagttatggccgcgatgggtggccgcg
tank_000087470,suborder,Siluroidei,0.930232558,Opisthokonta,Metazoa,Chordata,Actinopterygii,Siluriformes,,,,'KC846907',['Pangasianodon hypophthalmus'| 'Glyptothorax longinema'| 'Glyptothorax cavia'| 'Pangasianodon gigas'| 'Glyptothorax macromaculatus'| 'Glyptothorax trilineatus'],1489793,0,0,0,0,0,0,0,0,0,0,0,0,0,0,0,0,0,0,0,0,0,0,0,0,0,0,0,0,0,0,0,0,0,0,0,0,0,0,0,0,0,0,0,0,0,0,0,0,0,0,0,0,0,0,0,0,0,0,0,0,0,0,0,0,0,0,0,0,0,0,0,0,0,0,0,0,0,0,0,0,0,0,0,0,0,0,0,0,0,0,0,0,0,0,0,0,0,0,2,0,0,169,1..150,2,2,gcagttatttcaaagacccctctttattactttagcgtaaagggtggttaagggatataaaaataaagctaaagactctctaagccgtcatacgcactccgagagcacgaaaccctgacacgaaagtagctttaaacaaacttcacctgaccccacgaaagctaagaaa
tank_000088549,clade,Bilateria,0.537037037,Opisthokonta,Metazoa,,,,,,,'KX673200',[],33213,0,0,1,0,0,0,0,0,0,0,0,0,0,0,0,0,0,0,0,0,0,0,0,0,0,0,0,0,0,0,0,0,0,0,0,0,0,0,0,0,0,0,0,0,0,0,0,0,0,0,0,0,0,0,0,0,0,0,0,0,0,0,0,0,0,0,0,0,0,0,0,0,0,0,0,0,0,0,0,0,0,0,0,0,0,0,1,0,0,0,0,0,0,0,0,0,0,0,0,0,0,141,1..150,2,2,ctcggtaatatgaccaccttaaggtgtgtgtgtatatgtgtgtgtgtgtgtgtgtgtgtgtgtgtgtgtgtgtgtgtgtgtgtgtgtgtgtgtgtgtgtgtgtgtgtgtgtgtgtgtgtgtgtgtgtgtgtcgctgtagca
tank_000091758,suborder,Siluroidei,0.928994083,Opisthokonta,Metazoa,Chordata,Actinopterygii,Siluriformes,,,,'KC846907',['Pangasianodon hypophthalmus'| 'Glyptothorax longinema'| 'Pangasius larnaudii'| 'Glyptothorax cavia'| 'Pangasianodon gigas'| 'Glyptothorax macromaculatus'| 'Glyptothorax trilineatus'| 'Glyptothorax annandalei'],1489793,0,0,0,0,0,0,0,0,0,0,0,0,0,0,0,0,0,0,0,0,0,0,0,0,0,0,0,0,0,0,0,0,0,0,0,0,0,0,0,0,0,0,0,0,0,0,0,0,0,0,0,0,0,0,0,0,0,0,0,0,0,0,0,0,0,0,0,0,0,0,0,0,0,0,0,0,0,0,0,0,0,0,0,0,0,0,0,0,0,0,0,0,0,0,0,0,0,0,2,0,0,169,1..150,2,2,gcggttatacaaaaaaccttacttgataactacgtcgtaaaaaataattaagggatataaaaataaagctaaagactctctaagccgtcatacgcactccgagagcacgaaaccccgacacgaaagtagctttaaacaaacttcacctgaccccacgaaagctaagaaa
tank_000094774,clade,Eutheria,0.78238342,,,,,,,,,'JQ704054',[],9347,0,0,0,0,0,0,0,0,0,0,0,0,0,0,0,0,0,0,0,0,0,0,0,0,0,0,0,0,0,0,0,0,0,0,0,0,0,0,0,0,0,0,0,0,0,0,0,0,0,0,0,0,0,0,0,0,0,0,0,0,0,0,0,0,2,0,0,0,0,0,0,0,0,0,0,0,0,0,0,0,0,0,0,0,0,0,0,0,0,0,0,0,0,0,0,0,0,0,0,0,0,187,1..150,1,2,ccgcaccggatcccaacccagcttgagactgttgtgcagatctccccagcgccactgccccagcagccagcccgtcaccccctccccaataaagctaaaactcacctgagttgtaaaaaactccagttgacacaaaatagactacgaaagtggctttaacatatctgaacacacaatagctaagacc
tank_000095465,clade,Bilateria,0.563535912,Opisthokonta,Metazoa,,,,,,,'LC519367',[],33213,0,0,0,0,2,0,0,0,0,0,0,0,0,0,0,0,0,0,0,0,0,0,0,0,0,0,0,0,0,0,0,0,0,0,0,0,0,0,0,0,0,0,0,0,0,0,0,0,0,0,0,0,0,0,0,0,0,0,0,0,0,0,0,0,0,0,0,0,0,0,0,0,0,0,0,0,0,0,0,0,0,0,0,0,0,0,0,0,0,0,0,0,0,0,0,0,0,0,0,0,0,146,1..150,1,2,ttggaactgggggaggagcacttcagagtgttgcagttgggcactgtatgagagtaagggcacgtgacactggagagggaagaacaccggtggcgaaggcggctggctgggccgtgtctgacactcatccgcgaaagcgtggggag